,idGame,nWeek,Date,year,IdTeam,FT_against_A,FTG_asA,FT_RESULT,HT_against_A,HTG_asA,HT_RESULT,Referee,Shoot_against_A,Shoot_asA,ShootTarget_against_A,ShootTarget_asA,Fouls_against_A,Fouls_asA,Corner_against_A,Corner_asA,YellowC_against_A,YellowC_asA,RedC_againts_A,RedC_asA,nWeekAway,Shoot_asA_last_3,Shoot_asA_last_6,Shoot_asA_last_10,Shoot_asA_last_infinity,ShootTarget_asA_last_3,ShootTarget_asA_last_6,ShootTarget_asA_last_10,ShootTarget_asA_last_infinity,Fouls_asA_last_3,Fouls_asA_last_6,Fouls_asA_last_10,Fouls_asA_last_infinity,Corner_asA_last_3,Corner_asA_last_6,Corner_asA_last_10,Corner_asA_last_infinity,FTG_asA_last_3,FTG_asA_last_6,FTG_asA_last_10,FTG_asA_last_infinity,HTG_asA_last_3,HTG_asA_last_6,HTG_asA_last_10,HTG_asA_last_infinity,YellowC_asA_last_3,YellowC_asA_last_6,YellowC_asA_last_10,YellowC_asA_last_infinity,RedC_asA_last_3,RedC_asA_last_6,RedC_asA_last_10,RedC_asA_last_infinity,FT_against_A_last_3,FT_against_A_last_6,FT_against_A_last_10,FT_against_A_last_infinity,HT_against_A_last_3,HT_against_A_last_6,HT_against_A_last_10,HT_against_A_last_infinity,Shoot_against_A_last_3,Shoot_against_A_last_6,Shoot_against_A_last_10,Shoot_against_A_last_infinity,ShootTarget_against_A_last_3,ShootTarget_against_A_last_6,ShootTarget_against_A_last_10,ShootTarget_against_A_last_infinity,Fouls_against_A_last_3,Fouls_against_A_last_6,Fouls_against_A_last_10,Fouls_against_A_last_infinity,Corner_against_A_last_3,Corner_against_A_last_6,Corner_against_A_last_10,Corner_against_A_last_infinity,RedC_againts_A_last_3,RedC_againts_A_last_6,RedC_againts_A_last_10,RedC_againts_A_last_infinity,YellowC_against_A_last_3,YellowC_against_A_last_6,YellowC_against_A_last_10,YellowC_against_A_last_infinity
0,Liverpool_Norwich_2019,1,2019-08-09,2019,14,4,1,Lost,4,0,Lost,M Oliver,15,12,7,5,9,9,11,2,0,2,0,0,1,,,,,,,,,,,,,,,,,,,,,,,,,,,,,,,,,,,,,,,,,,,,,,,,,,,,,,,,,,,,,,,,
1,West Ham_Man City_2019,1,2019-08-10,2019,3,0,5,Winn,0,1,Winn,M Dean,5,14,3,9,6,13,1,1,2,2,0,0,1,,,,,,,,,,,,,,,,,,,,,,,,,,,,,,,,,,,,,,,,,,,,,,,,,,,,,,,,,,,,,,,,
2,Crystal Palace_Everton_2019,1,2019-08-10,2019,8,0,0,Draw,0,0,Draw,J Moss,6,10,2,3,16,14,6,2,2,1,0,1,1,,,,,,,,,,,,,,,,,,,,,,,,,,,,,,,,,,,,,,,,,,,,,,,,,,,,,,,,,,,,,,,,
3,Bournemouth_Sheffield United_2019,1,2019-08-10,2019,15,1,1,Draw,0,0,Draw,K Friend,13,8,3,3,10,19,3,4,2,1,0,0,1,,,,,,,,,,,,,,,,,,,,,,,,,,,,,,,,,,,,,,,,,,,,,,,,,,,,,,,,,,,,,,,,
4,Burnley_Southampton_2019,1,2019-08-10,2019,12,3,0,Lost,0,0,Draw,G Scott,10,11,4,3,6,12,2,7,0,0,0,0,1,,,,,,,,,,,,,,,,,,,,,,,,,,,,,,,,,,,,,,,,,,,,,,,,,,,,,,,,,,,,,,,,
5,Watford_Brighton_2019,1,2019-08-10,2019,18,0,3,Winn,0,1,Winn,C Pawson,11,5,3,3,15,11,5,2,0,1,0,0,1,,,,,,,,,,,,,,,,,,,,,,,,,,,,,,,,,,,,,,,,,,,,,,,,,,,,,,,,,,,,,,,,
6,Tottenham_Aston Villa_2019,1,2019-08-10,2019,21,3,1,Lost,0,1,Winn,C Kavanagh,31,7,7,4,13,9,14,0,1,0,0,0,1,,,,,,,,,,,,,,,,,,,,,,,,,,,,,,,,,,,,,,,,,,,,,,,,,,,,,,,,,,,,,,,,
7,Man United_Chelsea_2019,1,2019-08-11,2019,30,4,0,Lost,1,0,Lost,A Taylor,11,18,5,7,15,13,3,5,3,4,0,0,1,,,,,,,,,,,,,,,,,,,,,,,,,,,,,,,,,,,,,,,,,,,,,,,,,,,,,,,,,,,,,,,,
8,Leicester_Wolves_2019,1,2019-08-11,2019,4,0,0,Draw,0,0,Draw,A Marriner,15,8,1,2,3,13,12,3,0,2,0,0,1,,,,,,,,,,,,,,,,,,,,,,,,,,,,,,,,,,,,,,,,,,,,,,,,,,,,,,,,,,,,,,,,
9,Newcastle_Arsenal_2019,1,2019-08-11,2019,31,0,1,Winn,0,0,Draw,M Atkinson,9,8,2,2,12,7,5,3,1,3,0,0,1,,,,,,,,,,,,,,,,,,,,,,,,,,,,,,,,,,,,,,,,,,,,,,,,,,,,,,,,,,,,,,,,
10,Southampton_Liverpool_2019,2,2019-08-17,2019,10,1,2,Winn,0,1,Winn,A Marriner,14,15,3,6,10,6,5,9,2,1,0,0,1,,,,,,,,,,,,,,,,,,,,,,,,,,,,,,,,,,,,,,,,,,,,,,,,,,,,,,,,,,,,,,,,
11,Man City_Tottenham_2019,2,2019-08-17,2019,6,2,2,Draw,2,1,Lost,M Oliver,30,3,10,2,14,4,13,2,1,0,0,0,1,,,,,,,,,,,,,,,,,,,,,,,,,,,,,,,,,,,,,,,,,,,,,,,,,,,,,,,,,,,,,,,,
12,Norwich_Newcastle_2019,2,2019-08-17,2019,9,3,1,Lost,1,0,Lost,S Attwell,15,10,8,3,9,11,7,5,1,3,0,0,1,,,,,,,,,,,,,,,,,,,,,,,,,,,,,,,,,,,,,,,,,,,,,,,,,,,,,,,,,,,,,,,,
13,Everton_Watford_2019,2,2019-08-17,2019,39,1,0,Lost,1,0,Lost,L Mason,12,8,2,2,11,11,4,7,2,3,0,0,1,,,,,,,,,,,,,,,,,,,,,,,,,,,,,,,,,,,,,,,,,,,,,,,,,,,,,,,,,,,,,,,,
14,Aston Villa_Bournemouth_2019,2,2019-08-17,2019,17,1,2,Winn,0,2,Winn,M Atkinson,22,12,7,4,10,13,10,5,0,2,0,0,1,,,,,,,,,,,,,,,,,,,,,,,,,,,,,,,,,,,,,,,,,,,,,,,,,,,,,,,,,,,,,,,,
15,Brighton_West Ham_2019,2,2019-08-17,2019,5,1,1,Draw,0,0,Draw,A Taylor,16,8,4,3,11,10,8,6,0,2,0,0,1,,,,,,,,,,,,,,,,,,,,,,,,,,,,,,,,,,,,,,,,,,,,,,,,,,,,,,,,,,,,,,,,
16,Arsenal_Burnley_2019,2,2019-08-17,2019,11,2,1,Lost,1,1,Draw,M Dean,16,18,9,5,13,11,10,7,2,1,0,0,1,,,,,,,,,,,,,,,,,,,,,,,,,,,,,,,,,,,,,,,,,,,,,,,,,,,,,,,,,,,,,,,,
17,Sheffield United_Crystal Palace_2019,2,2019-08-18,2019,24,1,0,Lost,0,0,Draw,D Coote,15,6,3,4,16,11,8,4,3,1,0,0,1,,,,,,,,,,,,,,,,,,,,,,,,,,,,,,,,,,,,,,,,,,,,,,,,,,,,,,,,,,,,,,,,
18,Chelsea_Leicester_2019,2,2019-08-18,2019,27,1,1,Draw,1,0,Lost,O Langford,14,12,5,3,9,14,4,5,1,0,0,0,1,,,,,,,,,,,,,,,,,,,,,,,,,,,,,,,,,,,,,,,,,,,,,,,,,,,,,,,,,,,,,,,,
19,Wolves_Man United_2019,2,2019-08-19,2019,13,1,1,Draw,0,1,Winn,J Moss,6,9,2,2,17,8,4,6,2,2,0,0,1,,,,,,,,,,,,,,,,,,,,,,,,,,,,,,,,,,,,,,,,,,,,,,,,,,,,,,,,,,,,,,,,
20,Aston Villa_Everton_2019,3,2019-08-23,2019,8,2,0,Lost,1,0,Lost,M Oliver,7,12,3,1,10,18,0,6,2,3,0,0,2,,,,10.0,,,,3.0,,,,14.0,,,,2.0,,,,0.0,,,,0.0,,,,1.0,,,,1.0,,,,0.0,,,,0.0,,,,6.0,,,,2.0,,,,16.0,,,,6.0,,,,0.0,,,,2.0
21,Watford_West Ham_2019,3,2019-08-24,2019,5,1,3,Winn,1,1,Draw,C Kavanagh,23,16,3,10,12,11,8,7,1,1,0,0,2,,,,8.0,,,,3.0,,,,10.0,,,,6.0,,,,1.0,,,,0.0,,,,2.0,,,,0.0,,,,1.0,,,,0.0,,,,16.0,,,,4.0,,,,11.0,,,,8.0,,,,0.0,,,,0.0
22,Brighton_Southampton_2019,3,2019-08-24,2019,12,0,2,Winn,0,0,Draw,K Friend,12,12,3,4,9,10,8,5,1,3,1,0,2,,,,11.0,,,,3.0,,,,12.0,,,,7.0,,,,0.0,,,,0.0,,,,0.0,,,,0.0,,,,3.0,,,,0.0,,,,10.0,,,,4.0,,,,6.0,,,,2.0,,,,0.0,,,,0.0
23,Liverpool_Arsenal_2019,3,2019-08-24,2019,31,3,1,Lost,1,0,Lost,A Taylor,25,9,5,3,8,5,6,4,1,1,0,0,2,,,,8.0,,,,2.0,,,,7.0,,,,3.0,,,,1.0,,,,0.0,,,,3.0,,,,0.0,,,,0.0,,,,0.0,,,,9.0,,,,2.0,,,,12.0,,,,5.0,,,,0.0,,,,1.0
24,Norwich_Chelsea_2019,3,2019-08-24,2019,30,2,3,Winn,2,2,Draw,M Atkinson,6,23,5,8,9,9,1,8,1,1,0,0,2,,,,18.0,,,,7.0,,,,13.0,,,,5.0,,,,0.0,,,,0.0,,,,4.0,,,,0.0,,,,4.0,,,,1.0,,,,11.0,,,,5.0,,,,15.0,,,,3.0,,,,0.0,,,,3.0
25,Sheffield United_Leicester_2019,3,2019-08-24,2019,27,1,2,Winn,0,1,Winn,A Madley,8,10,3,2,11,6,7,4,1,0,0,0,2,,,,12.0,,,,3.0,,,,14.0,,,,5.0,,,,1.0,,,,0.0,,,,0.0,,,,0.0,,,,1.0,,,,1.0,,,,14.0,,,,5.0,,,,9.0,,,,4.0,,,,0.0,,,,1.0
26,Man United_Crystal Palace_2019,3,2019-08-24,2019,24,1,2,Winn,0,1,Winn,P Tierney,22,5,3,3,8,18,8,1,2,4,0,0,2,,,,6.0,,,,4.0,,,,11.0,,,,4.0,,,,0.0,,,,0.0,,,,1.0,,,,0.0,,,,1.0,,,,0.0,,,,15.0,,,,3.0,,,,16.0,,,,8.0,,,,0.0,,,,3.0
27,Bournemouth_Man City_2019,3,2019-08-25,2019,3,1,3,Winn,1,2,Winn,A Marriner,10,19,7,5,7,13,4,5,1,3,0,0,2,,,,14.0,,,,9.0,,,,13.0,,,,1.0,,,,5.0,,,,1.0,,,,2.0,,,,0.0,,,,0.0,,,,0.0,,,,5.0,,,,3.0,,,,6.0,,,,1.0,,,,0.0,,,,2.0
28,Tottenham_Newcastle_2019,3,2019-08-25,2019,9,0,1,Winn,0,1,Winn,M Dean,17,8,2,3,10,5,6,6,2,2,0,0,2,,,,10.0,,,,3.0,,,,11.0,,,,5.0,,,,1.0,,,,0.0,,,,3.0,,,,0.0,,,,3.0,,,,1.0,,,,15.0,,,,8.0,,,,9.0,,,,7.0,,,,0.0,,,,1.0
29,Wolves_Burnley_2019,3,2019-08-25,2019,11,1,1,Draw,0,1,Winn,C Pawson,17,13,2,4,9,11,4,3,0,2,0,0,2,,,,18.0,,,,5.0,,,,11.0,,,,7.0,,,,1.0,,,,1.0,,,,1.0,,,,0.0,,,,2.0,,,,1.0,,,,16.0,,,,9.0,,,,13.0,,,,10.0,,,,0.0,,,,2.0
30,Burnley_Liverpool_2019,4,2019-08-31,2019,10,0,3,Winn,0,2,Winn,C Kavanagh,7,15,2,7,10,16,6,4,0,0,0,0,2,,,,15.0,,,,6.0,,,,6.0,,,,9.0,,,,2.0,,,,1.0,,,,1.0,,,,0.0,,,,1.0,,,,0.0,,,,14.0,,,,3.0,,,,10.0,,,,5.0,,,,0.0,,,,2.0
31,Chelsea_Sheffield United_2019,4,2019-08-31,2019,15,2,2,Draw,2,0,Lost,S Attwell,13,8,5,2,6,11,3,4,0,1,0,0,2,,,,8.0,,,,3.0,,,,19.0,,,,4.0,,,,1.0,,,,0.0,,,,1.0,,,,0.0,,,,1.0,,,,0.0,,,,13.0,,,,3.0,,,,10.0,,,,3.0,,,,0.0,,,,2.0
32,Leicester_Bournemouth_2019,4,2019-08-31,2019,17,3,1,Lost,2,1,Lost,P Bankes,13,8,5,2,9,11,4,5,1,3,0,0,2,,,,12.0,,,,4.0,,,,13.0,,,,5.0,,,,2.0,,,,2.0,,,,2.0,,,,0.0,,,,1.0,,,,0.0,,,,22.0,,,,7.0,,,,10.0,,,,10.0,,,,0.0,,,,0.0
33,Man City_Brighton_2019,4,2019-08-31,2019,18,4,0,Lost,2,0,Lost,J Moss,15,6,6,2,10,6,8,1,1,1,0,0,2,,,,5.0,,,,3.0,,,,11.0,,,,2.0,,,,3.0,,,,1.0,,,,1.0,,,,0.0,,,,0.0,,,,0.0,,,,11.0,,,,3.0,,,,15.0,,,,5.0,,,,0.0,,,,0.0
34,Crystal Palace_Aston Villa_2019,4,2019-08-31,2019,21,1,0,Lost,0,0,Draw,K Friend,22,10,5,2,15,16,13,2,2,4,0,1,2,,,,7.0,,,,4.0,,,,9.0,,,,0.0,,,,1.0,,,,1.0,,,,0.0,,,,0.0,,,,3.0,,,,0.0,,,,31.0,,,,7.0,,,,13.0,,,,14.0,,,,0.0,,,,1.0
35,Southampton_Man United_2019,4,2019-08-31,2019,13,1,1,Draw,0,1,Winn,M Dean,10,21,2,8,17,7,2,3,1,2,1,0,2,,,,9.0,,,,2.0,,,,8.0,,,,6.0,,,,1.0,,,,1.0,,,,2.0,,,,0.0,,,,1.0,,,,0.0,,,,6.0,,,,2.0,,,,17.0,,,,4.0,,,,0.0,,,,2.0
36,West Ham_Norwich_2019,4,2019-08-31,2019,14,2,0,Lost,1,0,Lost,P Tierney,18,8,8,3,16,10,8,2,2,1,0,0,2,,,,12.0,,,,5.0,,,,9.0,,,,2.0,,,,1.0,,,,0.0,,,,2.0,,,,0.0,,,,4.0,,,,4.0,,,,15.0,,,,7.0,,,,9.0,,,,11.0,,,,0.0,,,,0.0
37,Newcastle_Watford_2019,4,2019-08-31,2019,39,1,1,Draw,1,1,Draw,G Scott,13,13,5,3,5,11,6,5,2,3,0,0,2,,,,8.0,,,,2.0,,,,11.0,,,,7.0,,,,0.0,,,,0.0,,,,3.0,,,,0.0,,,,1.0,,,,1.0,,,,12.0,,,,2.0,,,,11.0,,,,4.0,,,,0.0,,,,2.0
38,Arsenal_Tottenham_2019,4,2019-09-01,2019,6,2,2,Draw,1,2,Winn,M Atkinson,26,13,8,9,13,19,11,6,3,5,0,0,2,,,,3.0,,,,2.0,,,,4.0,,,,2.0,,,,2.0,,,,1.0,,,,0.0,,,,0.0,,,,2.0,,,,2.0,,,,30.0,,,,10.0,,,,14.0,,,,13.0,,,,0.0,,,,1.0
39,Everton_Wolves_2019,4,2019-09-01,2019,4,3,2,Lost,2,1,Lost,A Taylor,15,8,6,5,12,12,7,7,1,4,0,1,2,,,,8.0,,,,2.0,,,,13.0,,,,3.0,,,,0.0,,,,0.0,,,,2.0,,,,0.0,,,,0.0,,,,0.0,,,,15.0,,,,1.0,,,,3.0,,,,12.0,,,,0.0,,,,0.0
40,Sheffield United_Southampton_2019,5,2019-09-14,2019,12,0,1,Winn,0,0,Draw,L Mason,17,11,4,7,10,7,12,6,1,1,1,0,3,,,,11.5,,,,3.5,,,,11.0,,,,6.0,,,,1.0,,,,0.0,,,,1.5,,,,0.0,,,,1.5,,,,0.0,,,,11.0,,,,3.5,,,,7.5,,,,5.0,,,,0.5,,,,0.5
41,Man United_Leicester_2019,5,2019-09-14,2019,27,1,0,Lost,1,0,Lost,M Atkinson,10,9,5,3,14,14,3,9,1,2,0,0,3,,,,11.0,,,,2.5,,,,10.0,,,,4.5,,,,1.5,,,,0.5,,,,0.0,,,,0.0,,,,1.0,,,,0.5,,,,11.0,,,,4.0,,,,10.0,,,,5.5,,,,0.0,,,,1.0
42,Norwich_Man City_2019,5,2019-09-14,2019,3,3,2,Lost,2,1,Lost,K Friend,7,25,3,8,8,7,3,16,3,1,0,0,3,,,,16.5,,,,7.0,,,,13.0,,,,3.0,,,,4.0,,,,1.5,,,,2.5,,,,0.0,,,,0.5,,,,0.5,,,,7.5,,,,5.0,,,,6.5,,,,2.5,,,,0.0,,,,1.5
43,Liverpool_Newcastle_2019,5,2019-09-14,2019,9,3,1,Lost,2,1,Lost,A Marriner,21,8,9,1,5,4,10,1,0,0,0,0,3,,,,9.0,,,,3.0,,,,8.0,,,,5.5,,,,1.0,,,,0.5,,,,2.5,,,,0.0,,,,1.5,,,,0.5,,,,16.0,,,,5.0,,,,9.5,,,,6.5,,,,0.0,,,,1.5
44,Tottenham_Crystal Palace_2019,5,2019-09-14,2019,24,4,0,Lost,4,0,Lost,C Pawson,13,11,5,6,19,11,4,3,4,2,0,0,3,,,,5.5,,,,3.5,,,,14.5,,,,2.5,,,,1.0,,,,0.5,,,,2.5,,,,0.0,,,,1.0,,,,0.0,,,,18.5,,,,3.0,,,,12.0,,,,8.0,,,,0.0,,,,2.5
45,Wolves_Chelsea_2019,5,2019-09-14,2019,30,2,5,Winn,0,3,Winn,G Scott,11,15,4,6,8,11,7,5,1,2,0,0,3,,,,20.5,,,,7.5,,,,11.0,,,,6.5,,,,1.5,,,,1.0,,,,2.5,,,,0.0,,,,3.0,,,,1.5,,,,8.5,,,,5.0,,,,12.0,,,,2.0,,,,0.0,,,,2.0
46,Brighton_Burnley_2019,5,2019-09-14,2019,11,1,1,Draw,0,0,Draw,M Oliver,14,7,5,1,13,7,3,6,0,2,0,0,3,,,,15.5,,,,4.5,,,,11.0,,,,5.0,,,,1.0,,,,1.0,,,,1.5,,,,0.0,,,,1.5,,,,0.5,,,,16.5,,,,5.5,,,,11.0,,,,7.0,,,,0.0,,,,1.0
47,Bournemouth_Everton_2019,5,2019-09-15,2019,8,3,1,Lost,1,1,Draw,P Tierney,13,14,6,5,5,14,7,7,0,4,0,0,3,,,,11.0,,,,2.0,,,,16.0,,,,4.0,,,,0.0,,,,0.0,,,,2.0,,,,0.5,,,,1.0,,,,0.5,,,,6.5,,,,2.5,,,,13.0,,,,3.0,,,,0.0,,,,2.0
48,Watford_Arsenal_2019,5,2019-09-15,2019,31,2,2,Draw,0,2,Winn,A Taylor,31,10,7,4,14,4,7,1,3,3,0,0,3,,,,8.5,,,,2.5,,,,6.0,,,,3.5,,,,1.0,,,,0.0,,,,2.0,,,,0.0,,,,1.5,,,,0.5,,,,17.0,,,,3.5,,,,10.0,,,,5.5,,,,0.0,,,,1.0
49,Aston Villa_West Ham_2019,5,2019-09-16,2019,5,0,0,Draw,0,0,Draw,M Dean,10,13,5,1,13,12,2,4,2,1,0,1,3,,,,12.0,,,,6.5,,,,10.5,,,,6.5,,,,2.0,,,,0.5,,,,1.5,,,,0.0,,,,1.0,,,,0.5,,,,19.5,,,,3.5,,,,11.5,,,,8.0,,,,0.0,,,,0.5
50,Southampton_Bournemouth_2019,6,2019-09-20,2019,17,1,3,Winn,0,2,Winn,C Kavanagh,25,6,6,3,8,9,4,5,1,3,0,0,3,,,,10.0,,,,3.0,,,,12.0,,,,5.0,,,,1.5,,,,1.5,,,,2.5,,,,0.0,,,,2.0,,,,1.0,,,,17.5,,,,6.0,,,,9.5,,,,7.0,,,,0.0,,,,0.5
51,Man City_Watford_2019,6,2019-09-21,2019,39,8,0,Lost,5,0,Lost,M Dean,28,5,11,4,5,9,5,4,2,2,0,0,3,,,,10.5,,,,2.5,,,,11.0,,,,6.0,,,,0.5,,,,0.5,,,,3.0,,,,0.0,,,,1.0,,,,1.0,,,,12.5,,,,3.5,,,,8.0,,,,5.0,,,,0.0,,,,2.0
52,Everton_Sheffield United_2019,6,2019-09-21,2019,15,0,2,Winn,0,1,Winn,S Hooper,16,2,3,1,9,9,12,3,1,3,0,0,3,,,,8.0,,,,2.5,,,,15.0,,,,4.0,,,,1.5,,,,0.0,,,,1.0,,,,0.0,,,,1.5,,,,1.0,,,,13.0,,,,4.0,,,,8.0,,,,3.0,,,,0.0,,,,1.0
53,Leicester_Tottenham_2019,6,2019-09-21,2019,6,2,1,Lost,0,1,Winn,P Tierney,16,11,7,4,16,13,8,2,1,2,0,0,3,,,,8.0,,,,5.5,,,,11.5,,,,4.0,,,,2.0,,,,1.5,,,,2.5,,,,0.0,,,,2.0,,,,1.5,,,,28.0,,,,9.0,,,,13.5,,,,12.0,,,,0.0,,,,2.0
54,Newcastle_Brighton_2019,6,2019-09-21,2019,18,0,0,Draw,0,0,Draw,M Atkinson,11,16,4,3,12,8,5,3,2,1,0,0,3,,,,5.5,,,,2.5,,,,8.5,,,,1.5,,,,1.5,,,,0.5,,,,1.0,,,,0.0,,,,2.0,,,,1.0,,,,13.0,,,,4.5,,,,12.5,,,,6.5,,,,0.0,,,,0.5
55,Burnley_Norwich_2019,6,2019-09-21,2019,14,2,0,Lost,2,0,Lost,D Coote,13,11,6,2,11,10,7,3,0,1,0,0,3,,,,10.0,,,,4.0,,,,9.5,,,,2.0,,,,0.5,,,,0.0,,,,1.5,,,,0.0,,,,3.0,,,,2.5,,,,16.5,,,,7.5,,,,12.5,,,,9.5,,,,0.0,,,,1.0
56,Chelsea_Liverpool_2019,6,2019-09-22,2019,10,1,2,Winn,0,2,Winn,M Oliver,13,6,2,3,8,13,6,4,3,3,0,0,3,,,,15.0,,,,6.5,,,,11.0,,,,6.5,,,,2.5,,,,1.5,,,,0.5,,,,0.0,,,,0.5,,,,0.0,,,,10.5,,,,2.5,,,,10.0,,,,5.5,,,,0.0,,,,1.0
57,Arsenal_Aston Villa_2019,6,2019-09-22,2019,21,3,2,Lost,0,1,Winn,J Moss,21,14,6,9,13,15,9,4,5,1,1,0,3,,,,8.5,,,,3.0,,,,12.5,,,,1.0,,,,0.5,,,,0.5,,,,2.0,,,,0.5,,,,2.0,,,,0.0,,,,26.5,,,,6.0,,,,14.0,,,,13.5,,,,0.0,,,,1.5
58,West Ham_Man United_2019,6,2019-09-22,2019,13,2,0,Lost,1,0,Lost,A Taylor,8,9,6,3,8,9,3,7,2,2,0,0,3,,,,15.0,,,,5.0,,,,7.5,,,,4.5,,,,1.0,,,,1.0,,,,2.0,,,,0.0,,,,1.0,,,,0.0,,,,8.0,,,,2.0,,,,17.0,,,,3.0,,,,0.5,,,,1.5
59,Crystal Palace_Wolves_2019,6,2019-09-22,2019,4,1,1,Draw,0,0,Draw,S Attwell,13,14,4,4,7,10,6,7,2,1,0,1,3,,,,8.0,,,,3.5,,,,12.5,,,,5.0,,,,1.0,,,,0.5,,,,3.0,,,,0.5,,,,1.5,,,,1.0,,,,15.0,,,,3.5,,,,7.5,,,,9.5,,,,0.0,,,,0.5
60,Sheffield United_Liverpool_2019,7,2019-09-28,2019,10,0,1,Winn,0,0,Draw,A Taylor,12,16,2,4,8,4,6,5,1,1,0,0,4,12.0,,,12.0,5.33,,,5.33,11.67,,,11.67,5.67,,,5.67,2.33,,,2.33,1.67,,,1.67,1.33,,,1.33,0.0,,,0.0,0.67,,,0.67,0.0,,,0.0,11.33,,,11.33,2.33,,,2.33,9.33,,,9.33,5.67,,,5.67,0.0,,,0.0,1.67,,,1.67
61,Crystal Palace_Norwich_2019,7,2019-09-28,2019,14,2,0,Lost,1,0,Lost,J Moss,15,10,3,3,14,10,5,5,3,1,0,0,4,10.33,,,10.33,3.33,,,3.33,9.67,,,9.67,2.33,,,2.33,0.33,,,0.33,0.0,,,0.0,1.33,,,1.33,0.0,,,0.0,2.67,,,2.67,2.33,,,2.33,15.33,,,15.33,7.0,,,7.0,12.0,,,12.0,8.67,,,8.67,0.0,,,0.0,0.67,,,0.67
62,Aston Villa_Burnley_2019,7,2019-09-28,2019,11,2,2,Draw,1,0,Lost,L Mason,16,10,3,3,10,16,7,3,1,4,0,0,4,12.67,,,12.67,3.33,,,3.33,9.67,,,9.67,5.33,,,5.33,1.0,,,1.0,0.67,,,0.67,1.67,,,1.67,0.0,,,0.0,1.33,,,1.33,0.33,,,0.33,15.67,,,15.67,5.33,,,5.33,11.67,,,11.67,5.67,,,5.67,0.0,,,0.0,0.67,,,0.67
63,Wolves_Watford_2019,7,2019-09-28,2019,39,2,0,Lost,1,0,Lost,P Tierney,6,14,2,5,5,6,1,6,0,1,0,0,4,8.67,,,8.67,3.0,,,3.0,10.33,,,10.33,5.33,,,5.33,0.33,,,0.33,0.33,,,0.33,2.67,,,2.67,0.0,,,0.0,3.33,,,3.33,2.33,,,2.33,17.67,,,17.67,6.0,,,6.0,7.0,,,7.0,5.0,,,5.0,0.0,,,0.0,2.0,,,2.0
64,Tottenham_Southampton_2019,7,2019-09-28,2019,12,2,1,Lost,2,1,Lost,G Scott,9,14,4,6,5,16,6,6,0,2,1,0,4,11.33,,,11.33,4.67,,,4.67,9.67,,,9.67,6.0,,,6.0,1.0,,,1.0,0.0,,,0.0,1.33,,,1.33,0.0,,,0.0,1.0,,,1.0,0.0,,,0.0,13.0,,,13.0,3.67,,,3.67,8.33,,,8.33,7.33,,,7.33,0.67,,,0.67,0.67,,,0.67
65,Bournemouth_West Ham_2019,7,2019-09-28,2019,5,2,2,Draw,1,1,Draw,S Attwell,13,17,5,6,7,8,6,6,3,1,0,0,4,12.33,,,12.33,4.67,,,4.67,11.0,,,11.0,5.67,,,5.67,1.33,,,1.33,0.33,,,0.33,1.33,,,1.33,0.33,,,0.33,0.67,,,0.67,0.33,,,0.33,16.33,,,16.33,4.0,,,4.0,12.0,,,12.0,6.0,,,6.0,0.0,,,0.0,1.0,,,1.0
66,Everton_Man City_2019,7,2019-09-28,2019,3,1,3,Winn,1,1,Draw,M Oliver,12,20,8,9,4,8,5,2,2,2,0,0,4,19.33,,,19.33,7.33,,,7.33,11.0,,,11.0,7.33,,,7.33,3.33,,,3.33,1.33,,,1.33,2.0,,,2.0,0.0,,,0.0,1.33,,,1.33,1.0,,,1.0,7.33,,,7.33,4.33,,,4.33,7.0,,,7.0,2.67,,,2.67,0.0,,,0.0,2.0,,,2.0
67,Chelsea_Brighton_2019,7,2019-09-28,2019,18,2,0,Lost,0,0,Draw,C Kavanagh,24,8,10,1,5,13,5,2,2,3,0,0,4,9.0,,,9.0,2.67,,,2.67,8.33,,,8.33,2.0,,,2.0,1.0,,,1.0,0.33,,,0.33,1.0,,,1.0,0.0,,,0.0,1.33,,,1.33,0.67,,,0.67,12.33,,,12.33,4.33,,,4.33,12.33,,,12.33,6.0,,,6.0,0.0,,,0.0,1.0,,,1.0
68,Leicester_Newcastle_2019,7,2019-09-29,2019,9,5,0,Lost,1,0,Lost,C Pawson,13,3,5,0,12,9,9,0,1,1,0,1,4,8.67,,,8.67,2.33,,,2.33,6.67,,,6.67,4.0,,,4.0,1.0,,,1.0,0.67,,,0.67,1.67,,,1.67,0.0,,,0.0,2.0,,,2.0,1.0,,,1.0,17.67,,,17.67,6.33,,,6.33,8.0,,,8.0,7.67,,,7.67,0.0,,,0.0,1.0,,,1.0
69,Man United_Arsenal_2019,7,2019-09-30,2019,31,1,1,Draw,1,0,Lost,K Friend,16,10,4,5,18,13,8,7,4,2,0,0,4,9.0,,,9.0,3.0,,,3.0,5.33,,,5.33,2.67,,,2.67,1.33,,,1.33,0.67,,,0.67,2.33,,,2.33,0.0,,,0.0,1.67,,,1.67,0.33,,,0.33,21.67,,,21.67,4.67,,,4.67,11.33,,,11.33,6.0,,,6.0,0.0,,,0.0,1.67,,,1.67
70,Brighton_Tottenham_2019,8,2019-10-05,2019,6,3,0,Lost,2,0,Lost,J Moss,17,8,6,3,11,7,4,4,2,1,0,0,4,9.0,,,9.0,5.0,,,5.0,12.0,,,12.0,3.33,,,3.33,1.67,,,1.67,1.33,,,1.33,2.33,,,2.33,0.0,,,0.0,2.0,,,2.0,1.0,,,1.0,24.0,,,24.0,8.33,,,8.33,14.33,,,14.33,10.67,,,10.67,0.0,,,0.0,1.67,,,1.67
71,Liverpool_Leicester_2019,8,2019-10-05,2019,27,2,1,Lost,1,0,Lost,C Kavanagh,18,2,8,1,9,17,4,6,1,4,0,0,4,10.33,,,10.33,2.67,,,2.67,11.33,,,11.33,6.0,,,6.0,1.0,,,1.0,0.33,,,0.33,0.67,,,0.67,0.0,,,0.0,1.0,,,1.0,0.67,,,0.67,10.67,,,10.67,4.33,,,4.33,11.33,,,11.33,4.67,,,4.67,0.0,,,0.0,1.0,,,1.0
72,Burnley_Everton_2019,8,2019-10-05,2019,8,1,0,Lost,0,0,Draw,G Scott,9,11,3,2,5,12,7,9,2,1,0,1,4,12.0,,,12.0,3.0,,,3.0,15.33,,,15.33,5.0,,,5.0,0.33,,,0.33,0.33,,,0.33,2.67,,,2.67,0.33,,,0.33,1.67,,,1.67,0.67,,,0.67,8.67,,,8.67,3.67,,,3.67,10.33,,,10.33,4.33,,,4.33,0.0,,,0.0,1.33,,,1.33
73,Norwich_Aston Villa_2019,8,2019-10-05,2019,21,1,5,Winn,0,2,Winn,A Madley,21,22,5,12,14,17,10,6,1,3,0,0,4,10.33,,,10.33,5.0,,,5.0,13.33,,,13.33,2.0,,,2.0,1.0,,,1.0,0.67,,,0.67,1.67,,,1.67,0.33,,,0.33,2.33,,,2.33,0.0,,,0.0,24.67,,,24.67,6.0,,,6.0,13.67,,,13.67,12.0,,,12.0,0.33,,,0.33,2.67,,,2.67
74,Watford_Sheffield United_2019,8,2019-10-05,2019,15,0,0,Draw,0,0,Draw,A Marriner,8,9,2,3,7,6,7,7,0,2,0,0,4,6.0,,,6.0,2.0,,,2.0,13.0,,,13.0,3.67,,,3.67,1.67,,,1.67,0.33,,,0.33,1.67,,,1.67,0.0,,,0.0,1.0,,,1.0,0.67,,,0.67,14.0,,,14.0,3.67,,,3.67,8.33,,,8.33,6.0,,,6.0,0.0,,,0.0,1.0,,,1.0
75,West Ham_Crystal Palace_2019,8,2019-10-05,2019,24,1,2,Winn,0,0,Draw,M Oliver,9,7,4,4,11,7,2,2,3,2,0,0,4,7.33,,,7.33,4.33,,,4.33,13.33,,,13.33,2.67,,,2.67,0.67,,,0.67,0.33,,,0.33,2.33,,,2.33,0.0,,,0.0,2.0,,,2.0,1.33,,,1.33,16.67,,,16.67,3.67,,,3.67,14.33,,,14.33,6.67,,,6.67,0.0,,,0.0,3.0,,,3.0
76,Arsenal_Bournemouth_2019,8,2019-10-06,2019,17,1,0,Lost,1,0,Lost,M Atkinson,12,10,2,2,12,6,14,5,1,2,0,0,4,8.67,,,8.67,3.0,,,3.0,11.0,,,11.0,5.0,,,5.0,2.0,,,2.0,1.67,,,1.67,2.67,,,2.67,0.0,,,0.0,1.67,,,1.67,0.67,,,0.67,20.0,,,20.0,6.0,,,6.0,9.0,,,9.0,6.0,,,6.0,0.0,,,0.0,0.67,,,0.67
77,Southampton_Chelsea_2019,8,2019-10-06,2019,30,1,4,Winn,1,3,Winn,P Tierney,10,13,3,7,8,15,3,4,0,1,0,0,4,18.67,,,18.67,7.0,,,7.0,11.0,,,11.0,6.0,,,6.0,2.67,,,2.67,1.67,,,1.67,2.33,,,2.33,0.0,,,0.0,2.67,,,2.67,1.0,,,1.0,9.33,,,9.33,4.67,,,4.67,10.67,,,10.67,3.67,,,3.67,0.0,,,0.0,1.67,,,1.67
78,Man City_Wolves_2019,8,2019-10-06,2019,4,0,2,Winn,0,0,Draw,C Pawson,18,7,2,2,11,14,9,1,5,2,0,0,4,10.0,,,10.0,3.67,,,3.67,11.67,,,11.67,5.67,,,5.67,1.0,,,1.0,0.33,,,0.33,2.33,,,2.33,0.67,,,0.67,1.33,,,1.33,0.67,,,0.67,14.33,,,14.33,3.67,,,3.67,7.33,,,7.33,8.33,,,8.33,0.0,,,0.0,1.0,,,1.0
79,Newcastle_Man United_2019,8,2019-10-06,2019,13,1,0,Lost,0,0,Draw,M Dean,12,12,2,3,12,10,4,6,3,3,0,0,4,13.0,,,13.0,4.33,,,4.33,8.0,,,8.0,5.33,,,5.33,0.67,,,0.67,0.67,,,0.67,2.0,,,2.0,0.0,,,0.0,1.33,,,1.33,0.33,,,0.33,8.0,,,8.0,3.33,,,3.33,14.0,,,14.0,3.0,,,3.0,0.33,,,0.33,1.67,,,1.67
80,Aston Villa_Brighton_2019,9,2019-10-19,2019,18,2,1,Lost,1,1,Draw,D Coote,24,20,8,5,9,17,7,5,1,2,0,1,5,10.0,,,8.75,2.0,,,2.25,9.0,,,9.5,2.0,,,2.0,0.0,,,0.75,0.0,,,0.25,1.67,,,1.5,0.0,,,0.0,2.0,,,1.5,0.67,,,0.5,16.67,,,15.25,6.67,,,5.75,9.0,,,10.5,6.0,,,5.75,0.0,,,0.0,1.67,,,1.25
81,Chelsea_Newcastle_2019,9,2019-10-19,2019,9,1,0,Lost,0,0,Draw,A Marriner,16,5,8,0,9,12,11,0,2,1,0,0,5,6.33,,,7.25,1.33,,,1.75,6.0,,,7.25,2.33,,,3.0,0.67,,,0.75,0.67,,,0.5,1.0,,,1.5,0.33,,,0.25,2.67,,,2.75,1.0,,,1.0,17.0,,,16.5,5.33,,,6.0,9.0,,,9.0,8.33,,,8.0,0.0,,,0.0,1.0,,,1.0
82,Leicester_Burnley_2019,9,2019-10-19,2019,11,2,1,Lost,1,1,Draw,J Moss,19,13,3,4,4,10,9,4,0,3,0,0,5,10.0,,,12.0,2.67,,,3.25,11.33,,,11.25,4.0,,,4.75,1.33,,,1.25,0.33,,,0.5,2.67,,,2.25,0.0,,,0.0,1.33,,,1.5,0.33,,,0.5,15.67,,,15.75,3.33,,,4.75,10.67,,,11.25,4.67,,,6.0,0.0,,,0.0,0.33,,,0.75
83,Bournemouth_Norwich_2019,9,2019-10-19,2019,14,0,0,Draw,0,0,Draw,L Mason,11,10,2,1,8,11,6,7,1,3,0,0,5,9.67,,,10.25,2.67,,,3.25,10.0,,,9.75,3.33,,,3.0,0.0,,,0.25,0.0,,,0.0,1.0,,,1.25,0.0,,,0.0,2.0,,,2.5,1.33,,,2.0,15.33,,,15.25,5.67,,,6.0,13.67,,,12.5,6.67,,,7.75,0.0,,,0.0,1.67,,,1.25
84,Everton_West Ham_2019,9,2019-10-19,2019,5,2,0,Lost,1,0,Lost,P Tierney,19,8,10,4,15,15,11,2,2,2,0,0,5,15.33,,,13.5,5.67,,,5.0,10.33,,,10.25,5.67,,,5.75,1.67,,,1.5,0.67,,,0.5,1.0,,,1.25,0.33,,,0.25,1.0,,,1.0,0.67,,,0.5,15.33,,,15.5,4.33,,,4.25,10.67,,,10.75,5.33,,,6.0,0.0,,,0.0,2.0,,,1.5
85,Tottenham_Watford_2019,9,2019-10-19,2019,39,1,1,Draw,0,1,Winn,C Kavanagh,12,7,2,2,5,9,11,2,4,3,0,0,5,10.67,,,10.0,4.0,,,3.5,8.67,,,9.25,5.0,,,5.5,0.33,,,0.25,0.33,,,0.25,2.0,,,2.25,0.0,,,0.0,3.67,,,3.0,2.33,,,2.0,15.67,,,14.75,6.0,,,5.0,5.0,,,6.5,4.0,,,4.0,0.0,,,0.0,1.33,,,1.5
86,Wolves_Southampton_2019,9,2019-10-19,2019,12,1,1,Draw,0,0,Draw,P Bankes,4,14,1,5,10,17,1,3,3,2,0,0,5,12.33,,,12.0,5.67,,,5.0,11.0,,,11.25,5.67,,,6.0,1.33,,,1.0,0.33,,,0.25,2.0,,,1.5,0.0,,,0.0,0.67,,,1.25,0.67,,,0.5,12.67,,,12.0,3.67,,,3.75,8.0,,,7.5,8.67,,,7.0,1.0,,,0.75,0.67,,,0.5
87,Crystal Palace_Man City_2019,9,2019-10-19,2019,3,0,2,Winn,0,2,Winn,A Taylor,7,21,2,10,8,10,1,8,1,1,0,0,5,21.33,,,19.5,7.33,,,7.75,9.33,,,10.25,7.67,,,6.0,2.67,,,3.25,1.33,,,1.25,2.0,,,2.0,0.0,,,0.0,1.67,,,1.25,1.33,,,1.0,9.67,,,8.5,6.0,,,5.25,6.33,,,6.25,4.0,,,3.25,0.0,,,0.0,2.0,,,2.0
88,Man United_Liverpool_2019,9,2019-10-20,2019,10,1,1,Draw,1,0,Lost,M Atkinson,7,10,2,4,6,14,3,1,0,1,0,0,5,12.33,,,13.0,4.67,,,5.0,11.0,,,9.75,4.33,,,5.5,2.0,,,2.0,1.33,,,1.25,1.33,,,1.25,0.0,,,0.0,0.33,,,0.5,0.0,,,0.0,10.67,,,11.5,2.0,,,2.25,8.67,,,9.0,6.0,,,5.75,0.0,,,0.0,1.33,,,1.5
89,Sheffield United_Arsenal_2019,9,2019-10-21,2019,31,1,0,Lost,1,0,Lost,M Dean,8,9,2,3,10,12,7,12,4,4,0,0,5,9.67,,,9.25,4.0,,,3.5,7.33,,,7.25,4.0,,,3.75,1.33,,,1.25,0.67,,,0.5,2.0,,,2.25,0.0,,,0.0,2.0,,,1.5,0.67,,,0.5,24.0,,,20.25,5.33,,,4.5,13.33,,,13.0,7.0,,,6.5,0.0,,,0.0,2.67,,,2.25
90,Southampton_Leicester_2019,10,2019-10-25,2019,27,0,9,Winn,0,5,Winn,A Marriner,6,25,3,15,3,12,2,7,0,0,1,0,5,7.0,,,8.25,2.0,,,2.25,12.33,,,12.75,6.33,,,6.0,1.0,,,1.0,0.33,,,0.25,2.0,,,1.5,0.0,,,0.0,1.33,,,1.25,0.67,,,0.75,12.0,,,12.5,5.33,,,5.25,11.33,,,10.75,4.67,,,4.5,0.0,,,0.0,1.0,,,1.0
91,Man City_Aston Villa_2019,10,2019-10-26,2019,21,3,0,Lost,0,0,Draw,G Scott,25,11,9,5,10,5,13,7,1,1,1,0,5,15.33,,,13.25,7.67,,,6.75,16.0,,,14.25,4.0,,,3.0,2.33,,,2.0,1.0,,,1.0,2.67,,,2.0,0.33,,,0.25,1.67,,,2.0,0.0,,,0.0,21.33,,,23.75,5.33,,,5.75,14.0,,,13.75,10.67,,,11.5,0.33,,,0.25,2.67,,,2.25
92,Burnley_Chelsea_2019,10,2019-10-26,2019,30,2,4,Winn,0,2,Winn,M Oliver,13,16,5,7,7,8,5,6,3,2,0,0,5,17.0,,,17.25,7.0,,,7.0,11.67,,,12.0,5.67,,,5.5,4.0,,,3.0,2.67,,,2.0,1.33,,,2.0,0.0,,,0.0,1.67,,,2.25,1.0,,,1.0,9.0,,,9.5,4.0,,,4.25,8.33,,,10.0,3.67,,,3.5,0.0,,,0.0,0.67,,,1.25
93,Brighton_Everton_2019,10,2019-10-26,2019,8,3,2,Lost,1,1,Draw,A Madley,8,10,4,6,12,12,0,5,2,1,0,0,5,12.33,,,11.75,2.67,,,2.75,14.67,,,14.5,7.33,,,6.0,0.33,,,0.25,0.33,,,0.25,2.67,,,2.25,0.33,,,0.5,2.0,,,1.5,0.67,,,0.5,9.67,,,8.75,4.0,,,3.5,6.67,,,9.0,4.67,,,5.0,0.0,,,0.0,1.33,,,1.5
94,West Ham_Sheffield United_2019,10,2019-10-26,2019,15,1,1,Draw,1,0,Lost,D Coote,12,10,4,4,7,10,10,4,2,2,0,0,5,6.33,,,6.75,2.0,,,2.25,8.67,,,11.25,4.67,,,4.5,1.33,,,1.25,0.33,,,0.25,2.0,,,1.75,0.0,,,0.0,0.67,,,0.75,0.67,,,0.5,12.33,,,12.5,3.33,,,3.25,7.33,,,8.0,7.33,,,6.25,0.0,,,0.0,0.33,,,0.75
95,Watford_Bournemouth_2019,10,2019-10-26,2019,17,0,0,Draw,0,0,Draw,M Dean,7,15,3,5,14,8,5,10,5,3,0,0,5,8.0,,,9.0,2.33,,,2.75,8.67,,,9.75,5.0,,,5.0,1.33,,,1.5,1.0,,,1.25,2.67,,,2.5,0.0,,,0.0,1.67,,,1.5,1.0,,,0.75,16.67,,,18.0,4.33,,,5.0,9.67,,,9.75,7.33,,,8.0,0.0,,,0.0,1.0,,,0.75
96,Norwich_Man United_2019,10,2019-10-27,2019,13,1,3,Winn,0,2,Winn,S Attwell,10,21,3,11,13,10,1,10,2,2,0,0,5,14.0,,,12.75,4.67,,,4.0,8.67,,,8.5,5.33,,,5.5,0.33,,,0.5,0.33,,,0.5,2.33,,,2.25,0.0,,,0.0,1.33,,,1.25,0.33,,,0.25,10.0,,,9.0,3.33,,,3.0,12.33,,,13.5,3.0,,,3.25,0.33,,,0.25,2.0,,,2.0
97,Newcastle_Wolves_2019,10,2019-10-27,2019,4,1,1,Draw,1,0,Lost,K Friend,13,13,2,5,8,15,3,6,2,2,1,0,5,9.67,,,9.25,3.67,,,3.25,12.0,,,12.25,5.0,,,4.5,1.67,,,1.25,0.33,,,0.25,2.33,,,2.25,0.67,,,0.5,1.33,,,1.0,0.67,,,0.5,15.33,,,15.25,4.0,,,3.25,10.0,,,8.25,7.33,,,8.5,0.0,,,0.0,2.67,,,2.0
98,Liverpool_Tottenham_2019,10,2019-10-27,2019,6,2,1,Lost,0,1,Winn,A Taylor,21,11,13,4,9,11,8,3,3,3,0,0,5,10.67,,,8.75,5.33,,,4.5,13.0,,,10.75,4.0,,,3.5,1.0,,,1.25,1.0,,,1.0,2.67,,,2.0,0.0,,,0.0,2.33,,,2.25,1.0,,,1.25,19.67,,,22.25,7.0,,,7.75,13.33,,,13.5,7.67,,,9.0,0.0,,,0.0,2.0,,,1.75
99,Arsenal_Crystal Palace_2019,10,2019-10-27,2019,24,2,2,Draw,2,1,Lost,M Atkinson,15,10,6,4,18,9,12,5,2,0,0,0,5,7.67,,,7.25,4.33,,,4.25,12.0,,,11.75,2.0,,,2.5,1.33,,,1.0,0.33,,,0.25,2.67,,,2.25,0.0,,,0.0,2.0,,,1.75,1.33,,,1.0,14.67,,,14.75,4.0,,,3.75,12.67,,,13.5,4.67,,,5.5,0.0,,,0.0,3.0,,,3.0
100,Man City_Southampton_2019,11,2019-11-02,2019,12,2,1,Lost,0,1,Winn,L Mason,26,3,4,3,11,10,17,0,3,1,0,0,6,13.0,,,12.4,6.0,,,5.0,13.33,,,12.4,5.0,,,5.4,1.0,,,1.0,0.33,,,0.2,1.67,,,1.6,0.0,,,0.0,1.0,,,1.2,0.67,,,0.4,10.0,,,10.4,3.0,,,3.2,8.33,,,8.0,6.33,,,5.8,0.67,,,0.6,1.33,,,1.0
101,Bournemouth_Man United_2019,11,2019-11-02,2019,13,1,0,Lost,1,0,Lost,C Kavanagh,12,15,6,4,14,12,4,10,4,3,0,0,6,14.0,,,14.4,5.67,,,5.4,9.67,,,8.8,7.67,,,6.4,1.0,,,1.0,0.67,,,0.8,2.33,,,2.2,0.0,,,0.0,1.33,,,1.2,0.33,,,0.2,10.0,,,9.2,3.67,,,3.0,11.0,,,13.4,2.67,,,2.8,0.0,,,0.2,2.33,,,2.0
102,Brighton_Norwich_2019,11,2019-11-02,2019,14,2,0,Lost,0,0,Draw,K Friend,21,7,5,0,11,8,8,3,0,1,0,0,6,10.33,,,10.2,2.0,,,2.8,10.33,,,10.0,5.0,,,3.8,0.0,,,0.2,0.0,,,0.0,1.67,,,1.6,0.0,,,0.0,1.33,,,2.0,1.0,,,1.6,13.0,,,14.4,3.67,,,5.2,11.0,,,11.6,6.0,,,7.4,0.0,,,0.0,1.33,,,1.2
103,Watford_Chelsea_2019,11,2019-11-02,2019,30,1,2,Winn,0,1,Winn,A Taylor,12,16,3,10,8,5,1,6,4,2,0,0,6,14.67,,,17.0,6.67,,,7.0,11.33,,,11.2,5.0,,,5.6,4.33,,,3.2,2.67,,,2.0,1.67,,,2.0,0.0,,,0.0,1.67,,,2.2,0.33,,,0.8,11.33,,,10.2,4.0,,,4.4,7.67,,,9.4,5.0,,,3.8,0.0,,,0.0,1.33,,,1.6
104,West Ham_Newcastle_2019,11,2019-11-02,2019,9,2,3,Winn,0,2,Winn,S Attwell,16,12,6,9,10,7,7,3,2,1,0,0,6,5.33,,,6.8,0.33,,,1.4,8.33,,,8.2,0.33,,,2.4,0.33,,,0.6,0.33,,,0.4,0.67,,,1.4,0.33,,,0.2,3.0,,,2.4,1.0,,,0.8,16.67,,,16.4,7.33,,,6.4,8.67,,,9.0,10.0,,,8.6,0.0,,,0.0,1.0,,,1.2
105,Sheffield United_Burnley_2019,11,2019-11-02,2019,11,3,0,Lost,3,0,Lost,S Hooper,13,6,6,0,8,12,7,6,1,2,0,0,6,10.0,,,12.2,2.67,,,3.4,11.0,,,11.0,4.33,,,4.6,1.33,,,1.2,0.33,,,0.6,3.0,,,2.4,0.0,,,0.0,1.67,,,1.6,0.67,,,0.6,16.33,,,16.4,3.67,,,4.4,9.0,,,9.8,6.33,,,6.6,0.0,,,0.0,0.33,,,0.6
106,Aston Villa_Liverpool_2019,11,2019-11-02,2019,10,1,2,Winn,1,0,Lost,J Moss,5,25,2,6,12,9,2,10,1,2,0,0,6,10.67,,,12.4,3.67,,,4.8,10.33,,,10.6,3.33,,,4.6,1.33,,,1.8,0.67,,,1.0,1.67,,,1.2,0.0,,,0.0,0.67,,,0.6,0.33,,,0.2,10.67,,,10.6,2.0,,,2.2,7.33,,,8.4,5.0,,,5.2,0.0,,,0.0,1.33,,,1.2
107,Arsenal_Wolves_2019,11,2019-11-02,2019,4,1,1,Draw,1,0,Lost,M Oliver,10,25,4,8,6,15,8,9,0,2,0,0,6,11.33,,,10.0,3.67,,,3.6,13.0,,,12.8,4.67,,,4.8,1.33,,,1.2,0.0,,,0.2,1.67,,,2.2,0.33,,,0.4,0.67,,,1.0,0.33,,,0.6,14.67,,,14.8,2.67,,,3.0,8.67,,,8.2,6.0,,,7.4,0.33,,,0.2,3.0,,,2.0
108,Everton_Tottenham_2019,11,2019-11-03,2019,6,1,1,Draw,0,0,Draw,M Atkinson,7,4,3,2,9,8,5,2,1,2,0,1,6,10.0,,,9.2,3.67,,,4.4,10.33,,,10.8,3.0,,,3.4,0.67,,,1.2,0.67,,,1.0,2.0,,,2.2,0.0,,,0.0,2.33,,,2.2,0.67,,,1.0,18.0,,,22.0,8.67,,,8.8,12.0,,,12.6,6.67,,,8.8,0.0,,,0.0,2.0,,,2.0
109,Crystal Palace_Leicester_2019,11,2019-11-03,2019,27,0,2,Winn,0,0,Draw,P Tierney,12,14,3,5,15,16,5,6,2,2,0,0,6,12.0,,,11.6,6.33,,,4.8,14.33,,,12.6,7.33,,,6.2,3.33,,,2.6,1.67,,,1.2,2.0,,,1.2,0.0,,,0.0,1.0,,,1.0,0.67,,,0.6,11.33,,,11.2,5.33,,,4.8,8.67,,,9.2,3.0,,,4.0,0.33,,,0.2,0.67,,,0.8
110,Norwich_Watford_2019,12,2019-11-08,2019,39,0,2,Winn,0,1,Winn,A Marriner,17,12,5,2,7,13,10,4,1,2,0,1,6,8.67,,,9.4,3.67,,,3.2,8.0,,,9.2,4.0,,,4.8,0.33,,,0.4,0.33,,,0.4,2.0,,,2.4,0.0,,,0.0,3.67,,,2.6,2.0,,,1.6,15.33,,,14.2,5.0,,,4.4,5.0,,,6.2,5.67,,,5.4,0.0,,,0.0,2.0,,,2.0
111,Newcastle_Bournemouth_2019,12,2019-11-09,2019,17,2,1,Lost,1,1,Draw,M Atkinson,20,16,9,3,10,5,5,4,2,0,0,0,6,10.33,,,10.2,3.33,,,3.2,7.67,,,9.4,6.67,,,6.0,1.0,,,1.2,0.67,,,1.0,2.67,,,2.6,0.0,,,0.0,0.67,,,1.2,0.33,,,0.6,14.67,,,15.8,3.67,,,4.6,11.33,,,10.6,7.67,,,7.4,0.0,,,0.0,2.33,,,1.6
112,Tottenham_Sheffield United_2019,12,2019-11-09,2019,15,1,1,Draw,0,0,Draw,G Scott,17,14,5,4,6,9,4,4,2,2,0,0,6,7.0,,,7.4,2.67,,,2.6,8.33,,,11.0,4.67,,,4.4,1.0,,,1.2,0.33,,,0.2,2.33,,,1.8,0.0,,,0.0,0.33,,,0.8,0.33,,,0.6,12.0,,,12.4,3.0,,,3.4,7.67,,,7.8,9.67,,,7.0,0.0,,,0.0,1.0,,,1.0
113,Southampton_Everton_2019,12,2019-11-09,2019,8,1,2,Winn,0,1,Winn,P Tierney,4,24,3,5,12,12,5,9,1,1,0,0,6,11.67,,,11.4,4.33,,,3.4,12.67,,,14.0,7.0,,,5.8,1.0,,,0.6,0.67,,,0.4,2.0,,,2.0,0.33,,,0.4,2.33,,,1.8,0.67,,,0.6,10.0,,,8.6,4.33,,,3.6,7.33,,,9.6,4.67,,,4.0,0.0,,,0.0,1.33,,,1.6
114,Chelsea_Crystal Palace_2019,12,2019-11-09,2019,24,2,0,Lost,0,0,Draw,M Dean,23,3,5,1,9,17,7,0,3,2,0,0,6,9.33,,,7.8,4.67,,,4.2,9.0,,,11.2,3.33,,,3.0,1.33,,,1.2,0.33,,,0.4,1.33,,,1.8,0.0,,,0.0,2.33,,,1.8,2.0,,,1.2,12.33,,,14.8,5.0,,,4.2,16.0,,,14.4,6.0,,,6.8,0.0,,,0.0,3.0,,,2.8
115,Burnley_West Ham_2019,12,2019-11-09,2019,5,3,0,Lost,2,0,Lost,K Friend,14,7,12,4,17,10,11,4,2,1,0,0,6,12.67,,,12.4,3.67,,,4.8,11.67,,,11.2,4.0,,,5.0,0.67,,,1.2,0.33,,,0.4,1.33,,,1.4,0.33,,,0.2,1.33,,,1.2,0.67,,,0.6,14.0,,,16.2,6.67,,,5.4,11.67,,,11.6,6.33,,,7.0,0.0,,,0.0,2.33,,,1.6
116,Leicester_Arsenal_2019,12,2019-11-09,2019,31,2,0,Lost,0,0,Draw,C Kavanagh,19,8,7,1,10,10,5,4,1,1,0,0,6,9.67,,,9.2,4.0,,,3.4,9.67,,,8.2,6.67,,,5.4,1.0,,,1.0,0.67,,,0.4,3.0,,,2.6,0.0,,,0.0,1.33,,,1.4,0.67,,,0.6,18.33,,,17.8,4.33,,,4.0,14.0,,,12.4,7.33,,,6.6,0.0,,,0.0,3.67,,,2.6
117,Wolves_Aston Villa_2019,12,2019-11-10,2019,21,2,1,Lost,1,0,Lost,A Taylor,17,13,5,4,17,8,6,3,4,3,0,0,6,15.67,,,12.8,8.67,,,6.4,12.33,,,12.4,5.67,,,3.8,2.33,,,1.6,1.0,,,0.8,1.67,,,1.8,0.0,,,0.2,2.33,,,2.2,0.0,,,0.0,22.33,,,24.0,6.67,,,6.4,12.33,,,13.0,10.67,,,11.8,0.67,,,0.4,2.33,,,2.0
118,Liverpool_Man City_2019,12,2019-11-10,2019,3,3,1,Lost,2,0,Lost,M Oliver,12,18,5,3,10,5,4,13,0,2,0,0,6,22.0,,,19.8,9.0,,,8.2,8.33,,,10.2,8.67,,,6.4,2.33,,,3.0,1.33,,,1.4,1.33,,,1.8,0.0,,,0.0,1.33,,,1.0,1.0,,,0.8,8.67,,,8.2,4.33,,,4.6,6.67,,,6.6,3.0,,,2.8,0.0,,,0.0,2.0,,,1.8
119,Man United_Brighton_2019,12,2019-11-10,2019,18,3,1,Lost,2,0,Lost,J Moss,21,6,11,2,10,14,5,2,2,5,0,0,6,14.67,,,11.0,3.0,,,2.8,12.67,,,11.0,3.33,,,2.6,0.33,,,0.8,0.33,,,0.4,2.0,,,1.6,0.33,,,0.2,1.33,,,1.6,0.33,,,0.6,19.67,,,17.0,7.33,,,6.2,8.67,,,10.2,5.67,,,6.0,0.0,,,0.0,1.67,,,1.2
120,Everton_Norwich_2019,13,2019-11-23,2019,14,0,2,Winn,0,0,Draw,A Taylor,18,13,7,5,12,11,7,7,3,5,0,0,7,9.0,9.67,,9.67,1.33,2.33,,2.33,9.67,9.67,,9.67,5.0,3.67,,3.67,0.0,0.17,,0.17,0.0,0.0,,0.0,1.67,1.5,,1.5,0.0,0.0,,0.0,1.33,2.0,,2.0,0.33,1.33,,1.33,15.67,15.5,,15.5,3.33,5.17,,5.17,11.0,11.5,,11.5,6.33,7.5,,7.5,0.0,0.0,,0.0,1.33,1.0,,1.0
121,Arsenal_Southampton_2019,13,2019-11-23,2019,12,2,2,Draw,1,1,Draw,S Attwell,12,21,5,6,13,19,6,8,6,2,0,0,7,10.33,10.83,,10.83,4.67,4.67,,4.67,14.33,12.0,,12.0,3.0,4.5,,4.5,1.0,1.0,,1.0,0.67,0.33,,0.33,1.67,1.5,,1.5,0.0,0.0,,0.0,1.67,1.33,,1.33,0.67,0.33,,0.33,13.0,13.0,,13.0,3.0,3.33,,3.33,8.67,8.5,,8.5,8.0,7.67,,7.67,0.33,0.5,,0.5,2.0,1.33,,1.33
122,Watford_Burnley_2019,13,2019-11-23,2019,11,0,3,Winn,0,0,Draw,P Tierney,15,11,4,5,14,13,7,5,0,3,0,0,7,9.67,11.17,,11.17,2.33,2.83,,2.83,12.67,11.17,,11.17,4.33,4.83,,4.83,1.0,1.0,,1.0,0.33,0.5,,0.5,3.0,2.33,,2.33,0.0,0.0,,0.0,2.33,1.83,,1.83,1.67,1.0,,1.0,16.0,15.83,,15.83,4.0,4.67,,4.67,7.33,9.5,,9.5,7.67,6.67,,6.67,0.0,0.0,,0.0,0.67,0.67,,0.67
123,Bournemouth_Wolves_2019,13,2019-11-23,2019,4,1,2,Winn,0,2,Winn,S Hooper,9,17,2,7,10,12,5,9,2,1,1,0,7,15.0,12.5,,12.5,5.0,4.33,,4.33,14.67,13.17,,13.17,5.33,5.5,,5.5,1.33,1.17,,1.17,0.0,0.17,,0.17,2.0,2.17,,2.17,0.0,0.33,,0.33,0.67,1.0,,1.0,0.67,0.67,,0.67,13.67,14.0,,14.0,2.67,3.17,,3.17,8.33,7.83,,7.83,6.67,7.5,,7.5,0.33,0.17,,0.17,2.33,1.67,,1.67
124,Crystal Palace_Liverpool_2019,13,2019-11-23,2019,10,1,2,Winn,0,0,Draw,K Friend,16,12,6,4,8,7,9,8,0,1,0,0,7,17.0,14.5,,14.5,4.67,5.0,,5.0,9.0,10.33,,10.33,5.33,5.5,,5.5,1.33,1.83,,1.83,0.0,0.83,,0.83,1.33,1.33,,1.33,0.0,0.0,,0.0,0.67,0.67,,0.67,0.67,0.33,,0.33,8.0,9.67,,9.67,2.0,2.17,,2.17,8.67,9.0,,9.0,3.67,4.67,,4.67,0.0,0.0,,0.0,0.67,1.17,,1.17
125,Brighton_Leicester_2019,13,2019-11-23,2019,27,0,2,Winn,0,0,Draw,M Dean,7,19,0,9,9,1,6,7,2,0,0,0,7,13.67,12.0,,12.0,7.0,4.83,,4.83,15.0,13.17,,13.17,6.33,6.17,,6.17,4.0,2.5,,2.5,1.67,1.0,,1.0,2.0,1.33,,1.33,0.0,0.0,,0.0,0.67,0.83,,0.83,0.33,0.5,,0.5,12.0,11.33,,11.33,4.67,4.5,,4.5,9.0,10.17,,10.17,3.67,4.17,,4.17,0.33,0.17,,0.17,1.0,1.0,,1.0
126,West Ham_Tottenham_2019,13,2019-11-23,2019,6,2,3,Winn,0,2,Winn,M Oliver,11,15,4,6,12,14,3,7,3,2,0,0,7,7.67,8.33,,8.33,3.0,4.0,,4.0,8.67,10.33,,10.33,3.0,3.17,,3.17,0.67,1.17,,1.17,0.33,0.83,,0.83,2.0,2.17,,2.17,0.33,0.17,,0.17,2.0,2.0,,2.0,0.67,0.83,,0.83,15.0,19.5,,19.5,7.33,7.83,,7.83,9.67,12.0,,12.0,5.67,8.17,,8.17,0.0,0.0,,0.0,2.0,1.83,,1.83
127,Man City_Chelsea_2019,13,2019-11-23,2019,30,2,1,Lost,2,1,Lost,M Atkinson,15,11,4,2,5,9,8,2,1,1,0,0,7,15.0,16.83,,16.83,8.0,7.5,,7.5,9.33,10.17,,10.17,5.33,5.67,,5.67,3.33,3.0,,3.0,2.0,1.83,,1.83,1.67,2.0,,2.0,0.0,0.0,,0.0,1.33,2.0,,2.0,0.33,0.67,,0.67,11.67,10.5,,10.5,3.67,4.17,,4.17,7.67,9.17,,9.17,3.0,3.33,,3.33,0.0,0.0,,0.0,2.33,2.0,,2.0
128,Sheffield United_Man United_2019,13,2019-11-24,2019,13,3,3,Draw,1,0,Lost,A Marriner,12,11,8,5,13,10,6,3,1,2,0,0,7,16.0,14.5,,14.5,6.0,5.17,,5.17,10.67,9.33,,9.33,8.67,7.0,,7.0,1.0,0.83,,0.83,0.67,0.67,,0.67,2.67,2.33,,2.33,0.0,0.0,,0.0,1.0,1.17,,1.17,0.33,0.33,,0.33,11.33,9.67,,9.67,3.67,3.5,,3.5,13.0,13.5,,13.5,3.0,3.0,,3.0,0.0,0.17,,0.17,3.0,2.33,,2.33
129,Aston Villa_Newcastle_2019,13,2019-11-25,2019,9,2,0,Lost,2,0,Lost,L Mason,17,11,8,5,10,9,11,6,1,1,0,0,7,6.67,7.67,,7.67,3.0,2.67,,2.67,9.33,8.0,,8.0,1.0,2.5,,2.5,1.0,1.0,,1.0,0.67,0.67,,0.67,1.0,1.33,,1.33,0.33,0.17,,0.17,2.67,2.33,,2.33,0.33,0.67,,0.67,15.0,16.33,,16.33,6.33,6.33,,6.33,10.33,9.17,,9.17,9.0,8.33,,8.33,0.0,0.0,,0.0,1.67,1.33,,1.33
130,Tottenham_Bournemouth_2019,14,2019-11-30,2019,17,3,2,Lost,1,0,Lost,L Mason,15,20,5,6,10,12,4,8,0,2,0,0,7,13.67,11.17,,11.17,3.33,3.17,,3.17,6.33,8.67,,8.67,6.33,5.67,,5.67,0.33,1.17,,1.17,0.33,1.0,,1.0,1.67,2.17,,2.17,0.0,0.0,,0.0,1.0,1.33,,1.33,0.67,0.67,,0.67,13.0,16.5,,16.5,4.67,5.33,,5.33,12.0,10.5,,10.5,8.0,7.0,,7.0,0.0,0.0,,0.0,2.67,1.67,,1.67
131,Burnley_Crystal Palace_2019,14,2019-11-30,2019,24,0,2,Winn,0,1,Winn,P Bankes,15,7,4,2,13,10,5,6,2,0,0,0,7,6.67,7.0,,7.0,3.0,3.67,,3.67,11.0,12.17,,12.17,2.33,2.5,,2.5,1.33,1.0,,1.0,0.33,0.33,,0.33,1.33,1.83,,1.83,0.0,0.0,,0.0,1.67,1.83,,1.83,0.67,1.0,,1.0,15.67,16.17,,16.17,5.0,4.33,,4.33,12.67,13.5,,13.5,7.0,6.83,,6.83,0.0,0.0,,0.0,2.67,2.83,,2.83
132,Southampton_Watford_2019,14,2019-11-30,2019,39,2,1,Lost,0,1,Winn,M Oliver,11,6,6,3,6,10,6,7,1,0,0,0,7,11.0,9.83,,9.83,3.0,3.0,,3.0,9.33,9.83,,9.83,4.0,4.67,,4.67,1.0,0.67,,0.67,0.67,0.5,,0.5,2.0,2.33,,2.33,0.33,0.17,,0.17,1.0,2.17,,2.17,0.33,1.33,,1.33,11.67,14.67,,14.67,3.0,4.5,,4.5,5.67,6.33,,6.33,7.33,6.17,,6.17,0.0,0.0,,0.0,1.67,1.83,,1.83
133,Newcastle_Man City_2019,14,2019-11-30,2019,3,2,2,Draw,1,1,Draw,C Kavanagh,6,24,3,9,4,6,1,10,1,2,0,0,7,19.67,19.5,,19.5,7.33,7.33,,7.33,7.67,9.33,,9.33,7.67,7.5,,7.5,2.0,2.67,,2.67,1.0,1.17,,1.17,1.67,1.83,,1.83,0.0,0.0,,0.0,1.33,1.33,,1.33,1.0,1.0,,1.0,10.33,8.83,,8.83,5.0,4.67,,4.67,7.33,7.17,,7.17,3.33,3.0,,3.0,0.0,0.0,,0.0,1.0,1.5,,1.5
134,Liverpool_Brighton_2019,14,2019-11-30,2019,18,2,1,Lost,2,0,Lost,M Atkinson,15,12,7,5,3,10,4,5,0,0,1,0,7,11.33,10.17,,10.17,2.67,2.67,,2.67,14.67,11.5,,11.5,3.0,2.5,,2.5,0.67,0.83,,0.83,0.33,0.33,,0.33,3.33,2.17,,2.17,0.33,0.17,,0.17,2.33,1.83,,1.83,1.0,0.83,,0.83,23.0,17.67,,17.67,9.67,7.0,,7.0,8.0,10.17,,10.17,5.67,5.83,,5.83,0.0,0.0,,0.0,1.67,1.33,,1.33
135,Chelsea_West Ham_2019,14,2019-11-30,2019,5,0,1,Winn,0,0,Draw,J Moss,19,5,6,4,0,16,9,3,0,3,0,0,7,10.67,11.5,,11.5,4.67,4.67,,4.67,11.0,11.0,,11.0,4.0,4.83,,4.83,0.67,1.0,,1.0,0.33,0.33,,0.33,1.33,1.33,,1.33,0.0,0.17,,0.17,2.33,1.5,,1.5,1.33,0.83,,0.83,15.33,15.83,,15.83,9.0,6.5,,6.5,13.0,12.5,,12.5,9.33,7.67,,7.67,0.0,0.0,,0.0,2.33,1.67,,1.67
136,Wolves_Sheffield United_2019,14,2019-12-01,2019,15,1,1,Draw,0,1,Winn,D Coote,13,9,3,4,12,18,7,2,1,4,0,0,7,11.0,8.5,,8.5,3.67,2.83,,2.83,8.33,10.67,,10.67,5.0,4.33,,4.33,0.67,1.17,,1.17,0.0,0.17,,0.17,2.0,1.83,,1.83,0.0,0.0,,0.0,0.67,0.83,,0.83,0.33,0.5,,0.5,12.33,13.17,,13.17,3.67,3.67,,3.67,6.67,7.5,,7.5,7.0,6.5,,6.5,0.0,0.0,,0.0,1.33,1.17,,1.17
137,Leicester_Everton_2019,14,2019-12-01,2019,8,2,1,Lost,0,1,Winn,G Scott,16,11,6,3,7,9,4,4,0,1,0,0,7,15.0,13.5,,13.5,4.33,3.67,,3.67,12.0,13.67,,13.67,7.67,6.33,,6.33,1.33,0.83,,0.83,0.67,0.5,,0.5,1.0,1.83,,1.83,0.33,0.33,,0.33,1.67,1.67,,1.67,0.33,0.5,,0.5,7.0,7.83,,7.83,3.33,3.5,,3.5,9.67,10.0,,10.0,4.0,4.17,,4.17,0.0,0.0,,0.0,1.67,1.5,,1.5
138,Norwich_Arsenal_2019,14,2019-12-01,2019,31,2,2,Draw,2,1,Lost,P Tierney,15,16,8,7,8,10,7,12,2,1,0,0,7,9.0,9.0,,9.0,3.0,3.0,,3.0,11.67,8.5,,8.5,7.67,5.17,,5.17,0.33,0.83,,0.83,0.0,0.33,,0.33,2.33,2.33,,2.33,0.0,0.0,,0.0,1.33,1.5,,1.5,0.67,0.5,,0.5,14.33,18.0,,18.0,4.33,4.5,,4.5,12.67,12.0,,12.0,6.67,6.33,,6.33,0.0,0.0,,0.0,3.0,2.33,,2.33
139,Man United_Aston Villa_2019,14,2019-12-01,2019,21,2,2,Draw,1,1,Draw,C Pawson,16,9,6,3,16,8,9,9,4,1,0,0,7,15.33,12.83,,12.83,7.0,6.0,,6.0,10.0,11.67,,11.67,5.33,3.67,,3.67,2.0,1.5,,1.5,0.67,0.67,,0.67,2.33,2.0,,2.0,0.0,0.17,,0.17,2.0,2.17,,2.17,0.33,0.17,,0.17,21.0,22.83,,22.83,6.33,6.17,,6.17,13.67,13.67,,13.67,9.67,10.83,,10.83,0.33,0.33,,0.33,2.0,2.33,,2.33
140,Crystal Palace_Bournemouth_2019,15,2019-12-03,2019,17,1,0,Lost,0,0,Draw,A Taylor,7,6,2,3,6,15,6,9,3,3,1,0,8,17.0,12.5,,12.43,4.67,3.5,,3.57,8.33,8.5,,9.14,7.33,6.17,,6.0,1.0,1.17,,1.29,0.33,0.67,,0.86,1.67,2.17,,2.14,0.0,0.0,,0.0,1.67,1.67,,1.57,0.67,0.83,,0.71,14.0,15.33,,16.29,5.67,5.0,,5.29,11.33,10.5,,10.43,4.67,6.0,,6.57,0.0,0.0,,0.0,2.33,1.67,,1.43
141,Burnley_Man City_2019,15,2019-12-03,2019,3,1,4,Winn,0,1,Winn,J Moss,4,17,2,8,9,6,3,6,1,1,0,0,8,21.0,21.17,,20.14,7.33,7.33,,7.57,7.0,8.17,,8.86,10.33,9.0,,7.86,1.67,2.17,,2.57,1.0,1.17,,1.14,1.67,1.83,,1.86,0.0,0.0,,0.0,1.67,1.67,,1.43,1.0,1.17,,1.0,8.33,9.0,,8.43,3.33,4.67,,4.43,7.33,6.83,,6.71,2.0,3.0,,2.71,0.0,0.0,,0.0,0.67,1.33,,1.43
142,Southampton_Norwich_2019,15,2019-12-04,2019,14,2,1,Lost,2,0,Lost,K Friend,14,10,5,3,12,7,6,1,1,1,0,0,8,10.0,9.83,,10.14,2.0,2.33,,2.71,10.0,10.0,,9.86,5.67,4.5,,4.14,0.67,0.33,,0.43,0.0,0.0,,0.0,3.0,2.0,,2.0,0.0,0.0,,0.0,0.67,1.33,,1.71,0.0,0.67,,1.14,16.67,16.0,,15.86,4.67,5.17,,5.43,10.33,12.0,,11.57,7.0,6.83,,7.43,0.0,0.0,,0.0,1.33,1.5,,1.29
143,Liverpool_Everton_2019,15,2019-12-04,2019,8,5,2,Lost,4,2,Lost,M Dean,11,12,5,4,13,17,5,6,1,2,0,0,8,15.0,13.67,,13.14,4.67,3.67,,3.57,11.0,12.83,,13.0,6.0,6.67,,6.0,1.67,1.0,,0.86,1.0,0.67,,0.57,1.0,1.83,,1.71,0.0,0.17,,0.29,2.0,2.0,,1.71,0.33,0.5,,0.43,9.33,9.5,,9.0,4.33,4.17,,3.86,10.33,8.5,,9.57,3.0,3.83,,4.14,0.0,0.0,,0.0,1.0,1.17,,1.29
144,Wolves_West Ham_2019,15,2019-12-04,2019,5,2,0,Lost,1,0,Lost,A Marriner,13,6,7,3,8,9,5,4,1,2,0,0,8,6.67,11.0,,10.57,4.0,4.83,,4.57,13.67,12.0,,11.71,3.0,4.33,,4.57,0.33,1.0,,1.0,0.0,0.33,,0.29,2.0,1.5,,1.57,0.0,0.17,,0.14,1.67,1.33,,1.29,1.0,0.83,,0.71,17.33,16.33,,16.29,9.33,6.83,,6.43,10.67,10.67,,10.71,10.33,7.83,,7.86,0.0,0.0,,0.0,1.33,1.67,,1.43
145,Chelsea_Aston Villa_2019,15,2019-12-04,2019,21,2,1,Lost,1,1,Draw,C Kavanagh,25,9,9,3,18,10,9,5,2,1,0,0,8,11.0,13.17,,12.29,4.0,5.83,,5.57,7.0,11.5,,11.14,6.33,5.17,,4.43,1.0,1.67,,1.57,0.33,0.67,,0.71,1.67,2.17,,1.86,0.0,0.17,,0.14,2.33,2.0,,2.14,0.67,0.33,,0.29,19.33,20.33,,21.86,6.67,6.0,,6.14,14.33,14.17,,14.0,9.33,10.0,,10.57,0.33,0.33,,0.29,3.0,2.83,,2.57
146,Man United_Tottenham_2019,15,2019-12-04,2019,6,2,1,Lost,1,1,Draw,P Tierney,12,8,7,5,9,9,4,3,0,1,0,0,8,10.0,10.33,,9.29,4.0,4.67,,4.29,11.0,12.0,,10.86,4.0,4.0,,3.71,1.67,1.33,,1.43,1.0,1.0,,1.0,2.33,2.5,,2.14,0.33,0.17,,0.14,1.67,2.0,,2.0,0.0,0.5,,0.71,13.0,16.33,,18.29,6.67,6.83,,7.29,10.0,11.67,,12.0,5.33,6.5,,7.43,0.0,0.0,,0.0,2.33,2.17,,2.0
147,Leicester_Watford_2019,15,2019-12-04,2019,39,2,0,Lost,0,0,Draw,C Pawson,12,4,6,1,13,16,7,2,3,2,0,0,8,8.33,9.5,,9.29,2.33,3.17,,3.0,10.67,9.67,,9.86,4.33,4.67,,5.0,1.33,0.83,,0.71,1.0,0.67,,0.57,1.67,1.83,,2.0,0.33,0.17,,0.14,1.0,2.33,,2.14,0.0,1.17,,1.14,13.33,14.5,,14.14,4.33,5.17,,4.71,6.0,5.5,,6.29,9.0,6.5,,6.14,0.0,0.0,,0.0,2.0,1.67,,1.71
148,Sheffield United_Newcastle_2019,15,2019-12-05,2019,9,0,2,Winn,0,1,Winn,S Attwell,13,6,6,4,10,6,8,1,2,0,0,0,8,9.33,7.83,,8.14,4.67,3.0,,3.0,9.33,7.67,,8.14,3.0,2.67,,3.0,1.0,0.83,,0.86,0.67,0.67,,0.57,1.0,1.0,,1.29,0.0,0.17,,0.14,1.67,2.17,,2.29,0.67,0.83,,0.86,16.33,16.67,,16.43,7.33,6.33,,6.57,9.67,9.33,,9.29,9.67,9.0,,8.71,0.0,0.0,,0.0,1.67,1.33,,1.29
149,Arsenal_Brighton_2019,15,2019-12-05,2019,18,1,2,Winn,0,1,Winn,G Scott,12,20,5,9,10,11,9,9,3,1,0,0,8,12.67,11.33,,10.43,4.0,3.0,,3.0,13.67,11.33,,11.29,4.0,3.0,,2.86,1.0,0.5,,0.86,0.33,0.17,,0.29,2.33,2.0,,1.86,0.33,0.17,,0.14,2.33,2.17,,1.86,1.67,1.17,,1.0,20.0,18.33,,17.29,8.67,7.67,,7.0,7.33,8.17,,9.14,5.33,5.67,,5.57,0.33,0.17,,0.14,1.0,1.33,,1.14
150,Bournemouth_Liverpool_2019,16,2019-12-07,2019,10,0,3,Winn,0,2,Winn,C Kavanagh,3,21,0,9,5,6,1,3,0,1,0,0,8,15.67,14.0,,14.14,4.67,4.67,,4.86,10.0,10.5,,9.86,6.33,5.33,,5.86,1.67,1.83,,1.86,0.0,0.67,,0.71,1.33,1.33,,1.29,0.0,0.0,,0.0,1.0,0.67,,0.71,0.67,0.33,,0.29,9.33,10.0,,10.57,3.33,2.67,,2.71,8.67,8.67,,8.86,4.67,5.33,,5.29,0.0,0.0,,0.0,0.33,0.83,,1.0
151,Watford_Crystal Palace_2019,16,2019-12-07,2019,24,0,0,Draw,0,0,Draw,M Atkinson,13,3,3,0,15,16,6,2,4,2,0,0,8,6.67,7.17,,7.0,2.33,3.33,,3.43,12.0,12.0,,11.86,3.67,2.83,,3.0,1.33,1.33,,1.14,0.67,0.5,,0.43,0.67,1.67,,1.57,0.0,0.0,,0.0,1.33,1.67,,1.57,0.67,1.0,,0.86,17.67,16.17,,16.0,5.0,4.5,,4.29,13.33,13.0,,13.43,8.0,6.33,,6.57,0.0,0.0,,0.0,2.33,2.67,,2.71
152,Man City_Man United_2019,16,2019-12-07,2019,13,1,2,Winn,0,2,Winn,A Taylor,22,11,5,7,10,10,16,3,3,2,0,0,8,15.67,14.83,,14.0,6.67,5.67,,5.14,10.67,9.67,,9.43,7.67,6.5,,6.43,2.0,1.17,,1.14,0.67,0.5,,0.57,2.33,2.33,,2.29,0.0,0.0,,0.0,1.67,1.5,,1.43,0.67,0.5,,0.43,11.33,10.67,,10.0,5.67,4.5,,4.14,13.33,12.83,,13.43,3.67,3.33,,3.43,0.0,0.17,,0.14,2.33,2.17,,2.14
153,Tottenham_Burnley_2019,16,2019-12-07,2019,11,5,0,Lost,3,0,Lost,K Friend,13,7,7,1,12,8,1,1,1,1,0,0,8,10.0,10.0,,11.14,3.0,2.83,,3.14,11.67,11.5,,11.43,5.0,4.5,,4.86,1.33,1.33,,1.29,0.33,0.33,,0.43,2.67,2.67,,2.43,0.0,0.0,,0.0,1.67,1.5,,1.57,1.33,0.83,,0.86,15.67,15.67,,15.71,4.33,3.83,,4.57,8.67,9.67,,10.14,7.67,6.17,,6.71,0.0,0.0,,0.0,0.33,0.33,,0.57
154,Everton_Chelsea_2019,16,2019-12-07,2019,30,3,1,Lost,1,0,Lost,C Pawson,13,15,7,4,14,9,1,5,3,0,0,0,8,14.33,15.67,,16.0,6.33,6.67,,6.71,7.33,9.5,,10.0,4.67,5.17,,5.14,2.33,3.17,,2.71,1.33,2.0,,1.71,1.67,1.5,,1.86,0.0,0.0,,0.0,1.67,1.67,,2.0,0.67,0.83,,0.86,13.33,11.17,,11.14,4.0,4.0,,4.14,6.67,7.5,,8.57,4.67,4.17,,4.0,0.0,0.0,,0.0,2.67,1.67,,1.86
155,Norwich_Sheffield United_2019,16,2019-12-08,2019,15,1,2,Winn,1,0,Lost,S Hooper,14,9,4,3,6,12,9,1,0,4,0,0,8,11.0,8.67,,8.57,4.0,3.0,,3.0,12.33,10.5,,11.71,3.33,4.0,,4.0,1.0,1.17,,1.14,0.33,0.33,,0.29,2.67,2.33,,2.14,0.0,0.0,,0.0,1.0,0.83,,0.86,0.33,0.5,,0.43,14.0,13.17,,13.14,4.0,3.67,,3.57,8.33,7.83,,8.14,7.0,7.17,,6.57,0.0,0.0,,0.0,1.67,1.0,,1.14
156,Newcastle_Southampton_2019,16,2019-12-08,2019,12,2,1,Lost,0,0,Draw,D Coote,12,19,6,4,11,17,3,12,1,3,0,0,8,12.67,12.5,,12.29,4.67,5.17,,4.86,15.33,13.17,,13.0,3.67,4.67,,5.0,1.33,1.33,,1.14,0.67,0.5,,0.43,1.67,1.83,,1.57,0.0,0.0,,0.0,1.67,1.17,,1.43,0.33,0.5,,0.43,14.0,13.33,,12.86,3.33,3.5,,3.57,11.33,9.67,,9.14,8.0,8.33,,7.43,0.0,0.5,,0.43,4.0,2.33,,2.0
157,Brighton_Wolves_2019,16,2019-12-08,2019,4,2,2,Draw,2,2,Draw,J Moss,13,13,4,5,10,7,3,4,3,0,0,0,8,18.33,14.0,,13.14,6.67,5.17,,4.71,14.0,13.0,,13.0,8.0,6.5,,6.0,1.33,1.5,,1.29,0.67,0.5,,0.43,1.67,2.0,,2.0,0.0,0.33,,0.29,1.0,1.17,,1.0,0.67,0.67,,0.57,10.67,13.0,,13.29,2.67,3.33,,3.0,8.0,9.0,,8.14,5.33,6.33,,7.14,0.67,0.33,,0.29,1.33,2.0,,1.71
158,Aston Villa_Leicester_2019,16,2019-12-08,2019,27,1,4,Winn,1,2,Winn,M Oliver,15,23,2,8,21,15,8,5,6,2,0,0,8,19.33,13.17,,13.0,9.67,5.83,,5.43,9.67,11.0,,11.43,6.67,6.5,,6.29,4.33,2.67,,2.43,1.67,1.0,,0.86,0.67,1.33,,1.14,0.0,0.0,,0.0,0.0,0.67,,0.71,0.0,0.33,,0.43,8.33,10.17,,10.71,2.0,3.67,,3.86,9.0,10.17,,10.0,4.33,4.5,,4.43,0.33,0.17,,0.14,1.33,1.17,,1.14
159,West Ham_Arsenal_2019,16,2019-12-09,2019,31,1,3,Winn,1,0,Lost,M Dean,11,10,4,3,12,6,4,3,2,0,0,0,8,11.0,10.33,,10.0,3.67,3.83,,3.57,10.67,9.0,,8.71,9.33,6.67,,6.14,0.67,1.0,,1.0,0.33,0.5,,0.43,2.0,2.0,,2.14,0.0,0.0,,0.0,1.67,1.83,,1.57,1.0,0.83,,0.71,14.0,19.0,,17.57,5.67,5.5,,5.0,9.33,11.33,,11.43,6.33,6.67,,6.43,0.0,0.0,,0.0,2.33,2.5,,2.29
160,Liverpool_Watford_2019,17,2019-12-14,2019,39,2,0,Lost,1,0,Lost,A Marriner,16,8,6,2,8,6,6,3,2,1,0,0,9,7.33,8.0,,8.62,2.0,2.83,,2.75,13.0,10.5,,10.62,4.33,4.17,,4.62,1.0,0.67,,0.62,0.67,0.5,,0.5,1.33,1.67,,2.0,0.33,0.17,,0.12,1.33,2.5,,2.12,0.0,1.0,,1.0,13.33,14.33,,13.88,5.67,5.33,,4.88,8.67,6.83,,7.12,7.67,6.67,,6.25,0.0,0.0,,0.0,1.67,1.83,,1.88
161,Leicester_Norwich_2019,17,2019-12-14,2019,14,1,1,Draw,1,1,Draw,A Madley,18,10,5,3,11,15,12,4,0,4,0,0,9,10.0,10.17,,10.12,2.67,2.33,,2.75,8.67,9.5,,9.5,3.67,4.33,,3.75,1.0,0.5,,0.5,0.0,0.0,,0.0,2.33,2.0,,1.88,0.0,0.0,,0.0,1.33,1.33,,1.75,0.67,0.83,,1.25,17.67,15.33,,15.62,5.67,4.67,,5.38,11.67,11.33,,11.62,7.0,6.5,,7.25,0.0,0.0,,0.0,1.33,1.33,,1.25
162,Chelsea_Bournemouth_2019,17,2019-12-14,2019,17,0,1,Winn,0,0,Draw,G Scott,18,11,5,2,9,14,9,4,1,2,0,0,9,14.0,12.17,,11.62,4.0,3.67,,3.5,10.67,9.17,,9.88,7.0,6.83,,6.38,1.0,1.0,,1.12,0.33,0.5,,0.75,1.67,2.17,,2.25,0.0,0.0,,0.0,2.0,1.33,,1.5,0.67,0.5,,0.62,14.0,14.33,,15.12,5.33,4.5,,4.88,8.67,10.0,,9.88,5.0,6.33,,6.5,0.33,0.17,,0.12,1.67,2.0,,1.62
163,Burnley_Newcastle_2019,17,2019-12-14,2019,9,1,0,Lost,0,0,Draw,T Robinson,7,9,4,0,15,12,4,3,0,2,0,0,9,9.67,7.5,,7.88,6.0,3.17,,3.12,7.33,7.83,,7.88,3.33,1.83,,2.75,1.67,1.0,,1.0,1.0,0.67,,0.62,0.67,0.67,,1.12,0.0,0.17,,0.12,1.33,2.17,,2.0,0.67,0.83,,0.75,15.33,16.0,,16.0,6.67,7.0,,6.5,10.0,9.33,,9.38,8.67,9.33,,8.62,0.0,0.0,,0.0,1.67,1.33,,1.38
164,Southampton_West Ham_2019,17,2019-12-14,2019,5,0,1,Winn,0,1,Winn,M Atkinson,11,11,2,4,9,14,5,8,1,3,0,0,9,6.0,9.33,,10.0,3.67,3.67,,4.38,11.67,11.67,,11.38,3.67,3.83,,4.5,0.33,0.5,,0.88,0.0,0.17,,0.25,2.0,1.67,,1.62,0.0,0.17,,0.12,1.67,1.5,,1.38,1.0,0.83,,0.75,15.33,14.67,,15.88,8.33,7.5,,6.5,8.33,10.0,,10.38,8.33,7.33,,7.5,0.0,0.0,,0.0,1.0,1.67,,1.38
165,Sheffield United_Aston Villa_2019,17,2019-12-14,2019,21,2,0,Lost,0,0,Draw,P Bankes,7,8,3,0,10,9,3,2,2,2,0,0,9,10.33,13.0,,11.88,3.33,6.0,,5.25,8.67,10.5,,11.0,5.67,5.67,,4.5,1.33,1.83,,1.5,0.67,0.83,,0.75,1.67,1.67,,1.75,0.0,0.0,,0.12,2.0,2.17,,2.12,1.0,0.5,,0.38,19.33,20.83,,22.25,6.67,6.67,,6.5,17.0,14.67,,14.5,8.0,9.33,,10.38,0.0,0.33,,0.25,3.33,2.83,,2.5
166,Man United_Everton_2019,17,2019-12-15,2019,8,1,1,Draw,0,1,Winn,M Oliver,24,8,8,3,10,12,6,5,1,2,0,0,9,15.67,13.67,,13.0,4.0,4.17,,3.62,12.67,12.67,,13.5,6.33,6.67,,6.0,1.67,1.33,,1.0,1.33,1.0,,0.75,1.33,1.67,,1.75,0.0,0.17,,0.25,2.67,2.5,,2.12,1.33,1.0,,0.88,10.33,10.17,,9.25,4.67,4.5,,4.0,10.67,9.0,,10.0,4.67,4.67,,4.25,0.0,0.0,,0.0,0.67,1.0,,1.25
167,Wolves_Tottenham_2019,17,2019-12-15,2019,6,1,2,Winn,0,1,Winn,S Attwell,18,9,5,5,14,10,11,2,4,4,0,0,9,9.0,9.5,,9.12,4.33,4.0,,4.38,10.33,10.33,,10.62,4.0,3.5,,3.62,1.67,1.17,,1.38,1.0,0.83,,1.0,1.67,1.83,,2.0,0.33,0.17,,0.12,1.67,2.0,,2.0,0.33,0.5,,0.75,10.0,14.0,,17.5,4.67,6.67,,7.25,10.0,11.0,,11.62,4.0,5.33,,7.0,0.0,0.0,,0.0,1.33,1.67,,1.75
168,Arsenal_Man City_2019,17,2019-12-15,2019,3,0,3,Winn,0,3,Winn,P Tierney,6,14,1,7,9,24,3,3,1,4,0,0,9,19.67,20.83,,19.75,6.67,7.83,,7.62,5.67,7.0,,8.5,9.67,9.17,,7.62,2.33,2.33,,2.75,0.67,1.0,,1.12,1.67,1.5,,1.75,0.0,0.0,,0.0,2.0,1.67,,1.38,1.0,1.0,,0.88,7.33,8.0,,7.88,3.33,3.83,,4.12,7.67,7.17,,7.0,2.67,2.83,,2.75,0.0,0.0,,0.0,0.67,1.33,,1.38
169,Crystal Palace_Brighton_2019,17,2019-12-16,2019,18,1,1,Draw,0,0,Draw,C Pawson,11,15,4,10,7,12,3,7,1,1,0,0,9,12.67,13.67,,11.62,5.33,4.17,,3.75,11.67,12.17,,11.25,5.33,4.33,,3.62,1.33,0.83,,1.0,0.33,0.33,,0.38,2.0,2.0,,1.75,0.0,0.17,,0.12,2.0,1.67,,1.75,1.33,0.83,,0.88,16.0,17.83,,16.62,7.67,7.5,,6.75,7.67,8.17,,9.25,6.0,5.83,,6.0,0.33,0.17,,0.12,1.67,1.67,,1.38
170,Aston Villa_Southampton_2019,18,2019-12-21,2019,12,1,3,Winn,0,2,Winn,C Pawson,19,17,6,8,16,15,7,5,2,1,0,0,9,14.33,13.67,,13.12,4.33,5.17,,4.75,15.33,14.33,,13.5,6.67,5.83,,5.88,1.33,1.17,,1.12,0.67,0.5,,0.38,2.0,1.83,,1.75,0.0,0.0,,0.0,2.0,1.5,,1.5,0.33,0.5,,0.38,16.67,13.33,,12.75,5.0,4.0,,3.88,11.67,10.0,,9.38,8.67,7.5,,6.88,0.0,0.33,,0.38,3.33,2.33,,1.88
171,Norwich_Wolves_2019,18,2019-12-21,2019,4,1,2,Winn,1,0,Lost,P Bankes,13,14,7,4,7,14,3,11,2,4,0,0,9,18.33,14.83,,13.12,6.67,5.17,,4.75,11.33,12.17,,12.25,7.33,6.0,,5.75,1.67,1.5,,1.38,1.33,0.67,,0.62,1.0,1.33,,1.75,0.0,0.17,,0.25,1.33,1.0,,1.12,1.0,0.67,,0.75,10.67,12.67,,13.25,3.33,3.0,,3.12,8.67,8.67,,8.38,5.33,5.67,,6.62,0.33,0.33,,0.25,1.67,2.33,,1.88
172,Newcastle_Crystal Palace_2019,18,2019-12-21,2019,24,1,0,Lost,0,0,Draw,S Hooper,8,16,3,4,12,11,4,5,2,0,0,0,9,4.33,6.83,,6.5,1.0,2.83,,3.0,14.33,11.67,,12.38,2.67,3.0,,2.88,0.67,1.0,,1.0,0.33,0.33,,0.38,1.33,1.33,,1.62,0.0,0.0,,0.0,0.67,1.5,,1.38,0.0,1.0,,0.75,17.0,14.67,,15.62,4.0,4.5,,4.12,12.33,14.17,,13.62,6.0,6.0,,6.5,0.0,0.0,,0.0,3.0,3.0,,2.88
173,Man City_Leicester_2019,18,2019-12-21,2019,27,3,1,Lost,2,1,Lost,M Dean,23,5,12,2,14,9,6,1,2,2,0,0,9,18.67,15.33,,14.25,7.33,6.83,,5.75,10.67,12.5,,11.88,6.0,6.67,,6.12,2.67,3.0,,2.62,0.67,1.17,,1.0,1.33,1.67,,1.25,0.0,0.0,,0.0,0.33,0.67,,0.75,0.33,0.5,,0.5,11.33,11.33,,11.25,1.67,3.5,,3.62,15.0,11.83,,11.38,6.33,4.67,,4.88,0.0,0.17,,0.12,3.33,2.0,,1.75
174,Bournemouth_Burnley_2019,18,2019-12-21,2019,11,0,1,Winn,0,0,Draw,M Atkinson,3,2,0,1,13,21,4,5,2,4,0,0,9,8.0,9.0,,10.62,2.0,2.33,,2.88,11.0,11.0,,11.0,4.0,4.17,,4.38,1.0,1.17,,1.12,0.0,0.17,,0.38,2.0,2.5,,2.25,0.0,0.0,,0.0,2.67,2.17,,2.0,2.0,1.33,,1.12,13.67,15.0,,15.38,5.67,4.67,,4.88,11.33,10.17,,10.38,5.0,5.67,,6.0,0.0,0.0,,0.0,0.67,0.5,,0.62
175,Brighton_Sheffield United_2019,18,2019-12-21,2019,15,0,1,Winn,0,1,Winn,R Jones,9,7,2,2,6,11,4,3,1,3,0,0,9,10.67,8.83,,8.62,3.67,3.17,,3.0,13.0,10.67,,11.75,2.33,3.5,,3.62,1.33,1.17,,1.25,0.33,0.33,,0.25,3.33,2.83,,2.38,0.0,0.0,,0.0,1.0,0.67,,0.88,0.33,0.33,,0.5,14.67,13.33,,13.25,4.0,3.5,,3.62,8.0,7.83,,7.88,6.67,8.17,,6.88,0.0,0.0,,0.0,1.0,1.0,,1.0
176,Everton_Arsenal_2019,18,2019-12-21,2019,31,0,0,Draw,0,0,Draw,K Friend,9,6,0,2,10,11,5,4,2,3,0,0,9,11.33,10.5,,10.0,3.67,3.83,,3.5,8.67,9.17,,8.38,6.33,6.5,,5.75,1.67,1.33,,1.25,0.33,0.5,,0.38,0.67,1.83,,1.88,0.0,0.0,,0.0,1.67,1.5,,1.5,1.0,0.83,,0.75,15.0,16.67,,16.75,6.33,5.33,,4.88,10.0,12.0,,11.5,5.33,6.33,,6.12,0.0,0.0,,0.0,1.67,2.67,,2.25
177,Tottenham_Chelsea_2019,18,2019-12-22,2019,30,0,2,Winn,0,2,Winn,A Taylor,5,13,1,3,9,11,3,5,4,3,1,0,9,14.0,14.33,,15.88,5.33,6.0,,6.38,7.67,9.5,,9.88,4.33,4.67,,5.12,1.33,2.83,,2.5,0.67,1.67,,1.5,1.0,1.33,,1.62,0.0,0.0,,0.0,2.0,1.83,,2.12,1.0,0.67,,0.88,13.33,12.33,,11.38,4.67,4.33,,4.5,9.0,8.33,,9.25,3.33,4.17,,3.62,0.0,0.0,,0.0,2.67,2.0,,2.0
178,Watford_Man United_2019,18,2019-12-22,2019,13,2,0,Lost,0,0,Draw,L Mason,11,17,3,8,16,11,3,5,3,1,0,0,9,12.33,13.17,,13.62,5.33,5.5,,5.38,10.67,10.17,,9.5,5.33,6.5,,6.0,1.67,1.33,,1.25,0.67,0.67,,0.75,2.33,2.33,,2.25,0.0,0.0,,0.0,1.67,1.5,,1.38,0.67,0.5,,0.38,15.33,12.67,,11.5,6.33,5.0,,4.25,12.33,11.67,,13.0,8.67,5.67,,5.0,0.0,0.0,,0.12,2.67,2.5,,2.25
179,Sheffield United_Watford_2019,19,2019-12-26,2019,39,1,1,Draw,1,1,Draw,D Coote,16,5,4,2,11,8,9,1,1,3,0,0,10,6.0,8.5,,8.56,2.0,2.5,,2.67,10.67,10.0,,10.11,4.0,4.0,,4.44,0.33,0.67,,0.56,0.33,0.5,,0.44,1.0,1.5,,1.89,0.0,0.17,,0.11,2.0,1.5,,2.11,0.33,0.33,,1.0,13.0,12.33,,14.11,6.0,4.5,,5.0,9.0,7.33,,7.22,6.33,6.83,,6.22,0.0,0.0,,0.0,2.0,1.83,,1.89
180,Everton_Burnley_2019,19,2019-12-26,2019,11,1,0,Lost,0,0,Draw,A Taylor,21,6,5,0,15,14,10,2,0,0,0,0,10,6.67,8.17,,9.67,2.33,2.33,,2.67,14.0,13.33,,12.11,3.67,4.0,,4.44,1.33,1.17,,1.11,0.0,0.17,,0.33,2.67,2.83,,2.44,0.0,0.0,,0.0,1.67,2.0,,1.78,1.0,1.33,,1.0,10.33,13.17,,14.0,3.67,3.83,,4.33,13.0,10.17,,10.67,4.0,5.83,,5.78,0.0,0.0,,0.0,1.0,0.83,,0.78
181,Chelsea_Southampton_2019,19,2019-12-26,2019,12,0,2,Winn,0,1,Winn,J Moss,10,5,3,3,10,9,8,1,3,2,0,0,10,19.0,14.67,,13.56,6.0,5.33,,5.11,17.0,15.67,,13.67,8.33,5.67,,5.78,2.0,1.5,,1.33,1.0,0.83,,0.56,2.0,1.83,,1.67,0.0,0.0,,0.0,1.67,1.67,,1.44,0.33,0.5,,0.33,14.33,13.67,,13.44,5.67,4.33,,4.11,13.33,11.0,,10.11,5.33,6.67,,6.89,0.0,0.17,,0.33,3.0,2.5,,1.89
182,Man United_Newcastle_2019,19,2019-12-26,2019,9,4,1,Lost,3,1,Lost,K Friend,22,7,10,2,10,7,5,0,2,2,0,0,10,8.67,7.67,,8.0,3.0,3.0,,2.78,9.0,9.17,,8.33,3.33,2.17,,2.78,0.67,0.83,,0.89,0.33,0.5,,0.56,1.0,1.0,,1.22,0.0,0.17,,0.11,1.0,1.83,,1.89,0.67,0.5,,0.67,12.33,13.67,,15.0,6.0,6.17,,6.22,11.67,11.0,,10.0,7.67,8.33,,8.11,0.0,0.0,,0.0,1.0,1.33,,1.22
183,Tottenham_Brighton_2019,19,2019-12-26,2019,18,2,1,Lost,0,1,Winn,G Scott,11,11,5,5,10,9,9,2,4,2,0,0,10,15.67,13.5,,12.0,8.0,5.33,,4.44,11.0,12.83,,11.33,7.0,5.0,,4.0,1.33,1.0,,1.0,0.33,0.33,,0.33,0.67,2.0,,1.67,0.0,0.17,,0.11,1.33,1.83,,1.67,0.67,0.83,,0.78,12.67,17.83,,16.0,5.33,7.5,,6.44,6.67,7.33,,9.0,5.33,5.5,,5.67,0.33,0.17,,0.11,1.33,1.5,,1.33
184,Bournemouth_Arsenal_2019,19,2019-12-26,2019,31,1,1,Draw,1,0,Lost,S Attwell,12,17,4,2,5,13,8,3,4,4,0,0,10,10.67,9.83,,9.56,4.0,3.5,,3.33,9.0,10.33,,8.67,6.33,7.0,,5.56,1.67,1.0,,1.11,0.33,0.17,,0.33,1.33,1.83,,2.0,0.0,0.0,,0.0,1.0,1.17,,1.33,1.0,0.83,,0.67,11.67,13.0,,15.89,4.0,4.17,,4.33,10.0,11.33,,11.33,5.33,6.0,,6.0,0.0,0.0,,0.0,2.0,2.5,,2.22
185,Leicester_Liverpool_2019,18,2019-12-26,2019,10,0,4,Winn,0,1,Winn,M Oliver,3,15,0,6,5,7,2,8,1,1,0,0,9,19.33,15.0,,15.0,6.33,5.0,,5.38,7.33,8.83,,9.38,7.0,5.17,,5.5,2.33,1.83,,2.0,0.67,0.67,,0.88,1.33,1.5,,1.25,0.0,0.0,,0.0,0.67,0.67,,0.62,0.33,0.33,,0.25,8.0,9.33,,9.62,2.67,2.33,,2.38,8.33,7.83,,8.38,4.0,4.5,,4.75,0.0,0.0,,0.0,0.33,0.83,,0.88
186,Aston Villa_Norwich_2019,19,2019-12-26,2019,14,1,0,Lost,0,0,Draw,C Kavanagh,11,16,2,6,15,12,5,8,2,3,0,0,10,11.0,10.0,,10.11,3.67,2.5,,2.78,11.0,10.33,,10.11,4.0,4.5,,3.78,1.33,0.67,,0.56,0.33,0.17,,0.11,3.33,2.5,,2.11,0.0,0.0,,0.0,1.0,1.17,,1.67,1.0,0.67,,1.22,16.67,16.17,,15.89,5.67,4.5,,5.33,11.67,11.33,,11.56,8.33,7.33,,7.78,0.0,0.0,,0.0,1.33,1.33,,1.11
187,Crystal Palace_West Ham_2019,18,2019-12-26,2019,5,2,1,Lost,0,0,Draw,A Marriner,13,10,4,2,5,10,7,6,0,2,0,0,10,7.33,9.0,,10.11,3.67,4.17,,4.33,13.0,12.0,,11.67,5.0,4.5,,4.89,0.67,0.67,,0.89,0.33,0.33,,0.33,2.67,2.0,,1.78,0.0,0.0,,0.11,0.67,1.5,,1.22,0.33,0.83,,0.67,14.33,14.83,,15.33,5.0,7.0,,6.0,5.67,9.33,,10.22,6.33,7.83,,7.22,0.0,0.0,,0.0,0.67,1.5,,1.33
188,Wolves_Man City_2019,19,2019-12-27,2019,3,3,2,Lost,0,1,Winn,M Atkinson,20,7,8,3,7,13,3,1,0,1,0,1,10,18.33,19.0,,19.11,8.0,7.67,,7.56,12.0,9.83,,10.22,6.33,7.0,,7.11,3.0,2.5,,2.78,1.67,1.33,,1.33,2.33,2.0,,2.0,0.0,0.0,,0.0,1.0,1.17,,1.22,0.33,0.67,,0.78,5.33,7.83,,7.67,2.0,3.5,,3.78,7.33,7.33,,7.22,2.33,2.83,,2.78,0.0,0.0,,0.0,1.0,1.0,,1.33
189,Burnley_Man United_2019,20,2019-12-28,2019,13,0,2,Winn,0,1,Winn,M Dean,8,14,1,5,17,10,5,4,4,3,0,0,10,13.0,14.5,,14.0,6.67,6.33,,5.67,10.33,10.5,,9.67,3.67,6.17,,5.89,1.67,1.33,,1.11,0.67,0.67,,0.67,1.67,2.17,,2.11,0.0,0.0,,0.0,2.0,1.5,,1.44,0.33,0.33,,0.33,15.0,13.17,,11.44,5.33,4.5,,4.11,13.0,13.0,,13.33,8.33,5.67,,4.78,0.0,0.0,,0.11,2.33,2.67,,2.33
190,Newcastle_Everton_2019,20,2019-12-28,2019,8,1,2,Winn,0,1,Winn,L Mason,20,22,5,9,13,13,5,8,2,2,0,0,10,10.33,12.67,,12.44,3.33,3.83,,3.56,12.67,12.33,,13.33,5.0,6.33,,5.89,1.33,1.33,,1.0,1.33,1.0,,0.78,1.67,1.33,,1.78,0.0,0.17,,0.22,2.67,2.17,,2.0,1.33,0.83,,0.78,17.0,12.0,,10.89,6.33,4.83,,4.44,10.0,9.83,,10.0,5.0,4.5,,4.44,0.0,0.0,,0.0,0.67,1.17,,1.22
191,Watford_Aston Villa_2019,20,2019-12-28,2019,21,3,0,Lost,1,0,Lost,S Hooper,20,11,6,2,16,9,6,3,3,1,1,0,10,8.67,12.0,,11.44,2.0,4.5,,4.67,9.0,9.5,,10.78,5.33,5.33,,4.22,1.0,1.5,,1.33,0.67,0.67,,0.67,1.33,1.83,,1.78,0.0,0.0,,0.11,2.0,2.0,,2.11,0.67,0.5,,0.33,16.0,18.5,,20.56,6.0,6.17,,6.11,14.67,14.17,,14.0,7.0,8.33,,9.56,0.0,0.17,,0.22,2.67,2.33,,2.44
192,Norwich_Tottenham_2019,20,2019-12-28,2019,6,2,2,Draw,1,0,Lost,K Friend,5,15,2,7,12,10,4,6,3,3,0,0,10,10.67,9.17,,9.11,5.33,4.17,,4.44,11.0,9.83,,10.56,4.0,3.5,,3.44,2.0,1.33,,1.44,1.33,0.83,,1.0,2.33,2.17,,2.22,0.0,0.17,,0.11,1.67,1.83,,1.89,0.33,0.5,,0.67,13.67,14.33,,17.56,5.33,6.33,,7.0,11.67,10.67,,11.89,6.0,5.83,,7.44,0.0,0.0,,0.0,2.33,2.17,,2.0
193,West Ham_Leicester_2019,20,2019-12-28,2019,27,1,2,Winn,1,1,Draw,D Coote,14,13,4,8,16,4,5,5,4,1,0,0,10,15.67,14.67,,13.22,6.33,6.67,,5.33,8.33,11.67,,11.56,4.33,5.33,,5.56,2.33,3.17,,2.44,1.0,1.33,,1.0,1.33,1.67,,1.33,0.0,0.0,,0.0,1.33,1.0,,1.0,1.0,0.67,,0.67,15.0,13.5,,12.56,4.67,4.67,,4.56,14.67,11.83,,11.67,6.67,5.17,,5.0,0.0,0.17,,0.11,3.33,2.17,,1.78
194,Brighton_Bournemouth_2019,20,2019-12-28,2019,17,2,0,Lost,1,0,Lost,P Tierney,16,10,6,2,8,11,9,2,0,2,0,0,10,12.33,13.0,,11.56,3.67,3.5,,3.33,13.67,10.0,,10.33,7.0,6.67,,6.11,1.0,0.67,,1.11,0.0,0.17,,0.67,2.33,2.0,,2.22,0.0,0.0,,0.0,1.33,1.17,,1.33,0.33,0.5,,0.56,13.33,13.17,,15.44,4.0,4.33,,4.89,8.33,10.17,,9.78,6.33,7.17,,6.78,0.33,0.17,,0.11,1.33,2.0,,1.56
195,Southampton_Crystal Palace_2019,20,2019-12-28,2019,24,1,1,Draw,0,0,Draw,A Madley,14,5,5,2,13,7,12,4,1,2,0,0,10,8.67,7.67,,7.56,2.0,2.5,,3.11,12.33,11.67,,12.22,4.33,3.33,,3.11,0.67,1.0,,0.89,0.33,0.33,,0.33,0.67,1.0,,1.44,0.0,0.0,,0.0,0.33,1.0,,1.33,0.0,0.33,,0.67,12.0,13.83,,14.78,3.33,4.17,,4.0,13.33,13.0,,13.44,5.0,6.0,,6.22,0.0,0.0,,0.0,2.67,2.67,,2.78
196,Liverpool_Wolves_2019,20,2019-12-29,2019,4,1,0,Lost,1,0,Lost,A Taylor,10,10,3,2,7,3,5,6,1,0,0,0,10,14.67,14.83,,13.22,5.33,5.17,,4.67,11.0,12.83,,12.44,8.0,6.67,,6.33,2.0,1.67,,1.44,1.33,0.67,,0.56,1.67,1.83,,2.0,0.0,0.0,,0.22,1.33,1.0,,1.11,1.0,0.83,,0.78,11.67,12.67,,13.22,4.33,3.5,,3.56,9.0,8.67,,8.22,3.67,5.17,,6.22,0.33,0.33,,0.22,2.33,2.33,,1.89
197,Man City_Sheffield United_2019,20,2019-12-29,2019,15,2,0,Lost,0,0,Draw,C Kavanagh,16,8,4,0,5,6,8,5,1,1,0,0,10,8.33,9.67,,8.44,3.0,3.33,,2.89,13.67,11.0,,11.67,2.0,3.5,,3.56,1.33,1.0,,1.22,0.67,0.33,,0.33,3.67,2.83,,2.44,0.0,0.0,,0.0,0.67,0.67,,0.78,0.33,0.33,,0.44,12.0,12.17,,12.78,3.0,3.33,,3.44,8.0,7.33,,7.67,6.67,6.83,,6.56,0.0,0.0,,0.0,0.67,1.0,,1.0
198,Arsenal_Chelsea_2019,20,2019-12-29,2019,30,1,2,Winn,1,0,Lost,C Pawson,7,13,2,4,13,19,2,3,5,4,0,0,10,13.0,14.0,,15.56,3.0,5.5,,6.0,9.67,9.5,,10.0,4.0,4.67,,5.11,1.33,2.33,,2.44,1.0,1.5,,1.56,1.33,1.5,,1.78,0.0,0.0,,0.0,1.67,1.5,,1.89,1.0,0.67,,0.78,11.0,11.33,,10.67,4.0,3.83,,4.11,9.33,8.5,,9.22,4.0,3.5,,3.56,0.33,0.17,,0.11,2.67,2.5,,2.22
199,Burnley_Aston Villa_2019,21,2020-01-01,2019,21,1,2,Winn,0,2,Winn,M Oliver,20,11,1,6,12,10,8,4,1,1,0,0,11,9.33,10.17,11.4,11.4,1.67,2.83,4.4,4.4,9.33,8.17,10.6,10.6,3.33,4.83,4.1,4.1,0.33,0.67,1.2,1.2,0.33,0.33,0.6,0.6,1.33,1.5,1.7,1.7,0.0,0.0,0.1,0.1,2.33,2.33,2.2,2.2,0.67,0.67,0.4,0.4,17.33,18.33,20.5,20.5,6.0,6.33,6.1,6.1,14.67,14.5,14.2,14.2,6.0,7.67,9.2,9.2,0.33,0.33,0.3,0.3,2.33,2.67,2.5,2.5
200,Norwich_Crystal Palace_2019,21,2020-01-01,2019,24,1,1,Draw,1,0,Lost,J Moss,15,12,4,3,12,9,2,5,5,0,0,0,11,8.0,7.33,7.3,7.3,2.0,2.17,3.0,3.0,11.33,11.67,11.7,11.7,3.67,3.67,3.2,3.2,0.33,0.83,0.9,0.9,0.0,0.33,0.3,0.3,1.33,1.0,1.5,1.5,0.0,0.0,0.0,0.0,0.67,1.0,1.3,1.3,0.0,0.33,0.6,0.6,11.67,14.67,14.7,14.7,3.67,4.33,4.1,4.1,13.33,13.33,13.4,13.4,7.33,7.67,6.8,6.8,0.0,0.0,0.0,0.0,2.33,2.33,2.6,2.6
201,Watford_Wolves_2019,21,2020-01-01,2019,4,2,1,Lost,1,0,Lost,A Madley,9,16,3,4,12,6,4,7,3,1,1,0,11,12.33,15.33,12.9,12.9,3.67,5.17,4.4,4.4,8.0,11.0,11.5,11.5,7.0,7.5,6.3,6.3,1.33,1.33,1.3,1.3,0.67,0.67,0.5,0.5,1.33,1.5,1.8,1.8,0.0,0.0,0.2,0.2,1.33,1.17,1.1,1.1,1.33,1.0,0.8,0.8,12.0,11.33,12.9,12.9,4.67,3.67,3.5,3.5,8.0,8.0,8.1,8.1,3.67,4.5,6.1,6.1,0.0,0.33,0.2,0.2,2.0,1.67,1.8,1.8
202,West Ham_Bournemouth_2019,21,2020-01-01,2019,17,4,0,Lost,3,0,Lost,G Scott,14,3,7,2,3,12,9,2,1,2,0,0,11,9.0,13.0,11.4,11.4,2.33,3.5,3.2,3.2,13.33,10.83,10.4,10.4,5.0,6.17,5.7,5.7,0.33,0.67,1.0,1.0,0.0,0.17,0.6,0.6,2.33,2.0,2.2,2.2,0.0,0.0,0.0,0.0,1.0,1.33,1.4,1.4,0.33,0.5,0.6,0.6,13.67,13.83,15.5,15.5,4.33,5.0,5.0,5.0,7.67,9.5,9.6,9.6,8.0,6.33,7.0,7.0,0.33,0.17,0.1,0.1,1.33,1.83,1.4,1.4
203,Arsenal_Man United_2019,21,2020-01-01,2019,13,2,0,Lost,2,0,Lost,C Kavanagh,10,10,4,4,11,15,1,4,2,0,0,0,11,14.0,14.83,14.0,14.0,6.67,6.67,5.6,5.6,10.33,10.5,9.7,9.7,4.0,5.83,5.7,5.7,1.33,1.67,1.2,1.2,1.0,0.83,0.7,0.7,2.0,2.17,2.2,2.2,0.0,0.0,0.0,0.0,1.0,1.33,1.3,1.3,0.0,0.33,0.3,0.3,13.67,12.5,11.1,11.1,3.0,4.33,3.8,3.8,14.33,13.83,13.7,13.7,8.0,5.83,4.8,4.8,0.0,0.0,0.1,0.1,3.33,2.83,2.5,2.5
204,Newcastle_Leicester_2019,21,2020-01-01,2019,27,0,3,Winn,0,2,Winn,M Atkinson,5,17,2,10,8,12,4,5,1,1,0,0,11,13.67,16.5,13.2,13.2,6.0,7.83,5.6,5.6,9.33,9.5,10.8,10.8,3.67,5.17,5.5,5.5,2.33,3.33,2.4,2.4,1.33,1.5,1.0,1.0,1.67,1.17,1.3,1.3,0.0,0.0,0.0,0.0,1.67,0.83,1.0,1.0,1.33,0.67,0.7,0.7,17.33,12.83,12.7,12.7,6.0,4.0,4.5,4.5,17.0,13.0,12.1,12.1,6.33,5.33,5.0,5.0,0.0,0.17,0.1,0.1,4.0,2.67,2.0,2.0
205,Brighton_Chelsea_2019,21,2020-01-01,2019,30,1,1,Draw,0,1,Winn,S Attwell,16,16,5,5,8,15,5,3,2,3,0,0,11,13.67,14.0,15.3,15.3,3.67,5.0,5.8,5.8,13.0,10.17,10.9,10.9,4.33,4.5,4.9,4.9,1.67,2.0,2.4,2.4,0.67,1.0,1.4,1.4,2.33,2.0,2.0,2.0,0.0,0.0,0.0,0.0,1.33,1.5,1.8,1.8,0.67,0.67,0.8,0.8,8.33,10.83,10.3,10.3,3.33,3.67,3.9,3.9,12.0,9.33,9.6,9.6,2.0,3.33,3.4,3.4,0.33,0.17,0.1,0.1,4.0,3.33,2.5,2.5
206,Southampton_Tottenham_2019,21,2020-01-01,2019,6,1,0,Lost,1,0,Lost,M Dean,12,11,3,5,21,8,6,9,3,4,0,0,11,10.67,10.33,9.7,9.7,5.67,4.83,4.7,4.7,9.67,10.33,10.5,10.5,3.67,3.83,3.7,3.7,1.67,1.67,1.5,1.5,0.67,0.83,0.9,0.9,2.67,2.5,2.3,2.3,0.0,0.17,0.1,0.1,1.67,1.67,1.9,1.9,0.67,0.33,0.7,0.7,11.67,12.33,16.3,16.3,4.67,5.67,6.5,6.5,11.67,10.83,11.9,11.9,6.33,5.83,7.1,7.1,0.0,0.0,0.0,0.0,2.33,2.33,2.1,2.1
207,Man City_Everton_2019,21,2020-01-01,2019,8,2,1,Lost,0,0,Draw,A Marriner,16,7,7,2,11,11,3,6,0,4,0,0,11,14.0,14.5,13.4,13.4,5.33,5.0,4.1,4.1,14.0,12.5,13.3,13.3,6.33,6.17,6.1,6.1,1.67,1.67,1.1,1.1,1.33,1.17,0.8,0.8,2.0,1.5,1.8,1.8,0.0,0.0,0.2,0.2,2.33,2.17,1.9,1.9,1.33,0.83,0.7,0.7,18.33,13.83,11.8,11.8,6.0,5.17,4.5,4.5,12.0,11.17,10.3,10.3,5.33,4.17,4.5,4.5,0.0,0.0,0.0,0.0,1.33,1.17,1.3,1.3
208,Liverpool_Sheffield United_2019,21,2020-01-02,2019,15,2,0,Lost,1,0,Lost,P Tierney,19,3,7,2,5,8,8,4,0,0,0,0,11,8.0,9.5,8.4,8.4,1.67,2.83,2.6,2.6,9.67,11.0,11.1,11.1,3.0,3.17,3.7,3.7,1.0,1.0,1.1,1.1,0.33,0.33,0.3,0.3,2.67,2.67,2.3,2.3,0.0,0.0,0.0,0.0,1.0,1.0,0.9,0.9,0.33,0.33,0.4,0.4,13.0,13.5,13.1,13.1,3.33,3.67,3.5,3.5,5.67,7.0,7.4,7.4,7.0,7.0,6.7,6.7,0.0,0.0,0.0,0.0,0.67,1.17,1.0,1.0
209,Sheffield United_West Ham_2019,21,2020-01-10,2019,5,1,0,Lost,0,0,Draw,M Oliver,13,7,3,2,11,6,7,3,1,0,0,0,11,9.0,7.83,10.1,10.1,3.0,3.5,4.1,4.1,11.0,12.33,11.5,11.5,6.0,4.5,5.0,5.0,0.67,0.5,0.9,0.9,0.33,0.17,0.3,0.3,2.33,2.17,1.8,1.8,0.0,0.0,0.1,0.1,1.33,1.5,1.3,1.3,0.33,0.67,0.6,0.6,12.33,14.83,15.1,15.1,4.33,6.83,5.8,5.8,7.33,9.0,9.7,9.7,5.67,8.0,7.2,7.2,0.0,0.0,0.0,0.0,0.67,1.0,1.2,1.2
210,Leicester_Southampton_2019,22,2020-01-11,2019,12,1,2,Winn,1,1,Draw,L Mason,5,16,5,10,9,17,2,4,0,3,0,0,11,13.67,13.17,12.7,12.7,5.0,4.83,4.9,4.9,13.67,14.5,13.2,13.2,6.0,4.83,5.3,5.3,2.0,1.67,1.4,1.4,1.0,0.83,0.6,0.6,2.0,1.83,1.7,1.7,0.0,0.0,0.0,0.0,1.0,1.33,1.3,1.3,0.0,0.17,0.3,0.3,13.67,13.83,13.1,13.1,5.0,4.17,4.0,4.0,12.33,11.83,10.1,10.1,6.0,7.0,7.0,7.0,0.0,0.0,0.3,0.3,2.0,3.0,2.0,2.0
211,Crystal Palace_Arsenal_2019,22,2020-01-11,2019,31,1,1,Draw,0,1,Winn,P Tierney,6,7,3,4,14,22,1,4,2,3,0,1,11,11.0,11.0,10.3,10.3,2.33,3.0,3.2,3.2,10.0,10.33,9.1,9.1,3.33,6.33,5.3,5.3,1.33,1.0,1.1,1.1,0.0,0.17,0.3,0.3,2.33,2.17,2.2,2.2,0.0,0.0,0.0,0.0,0.67,1.17,1.3,1.3,0.67,0.83,0.7,0.7,10.67,12.33,15.5,15.5,2.67,4.17,4.3,4.3,9.0,9.17,10.7,10.7,5.67,6.0,6.2,6.2,0.0,0.0,0.0,0.0,2.67,2.5,2.4,2.4
212,Tottenham_Liverpool_2019,21,2020-01-11,2019,10,0,1,Winn,0,1,Winn,M Atkinson,14,13,4,7,4,8,4,3,0,2,0,0,10,16.0,16.5,,15.0,6.33,5.5,,5.44,6.67,7.83,,9.11,6.33,5.83,,5.78,3.0,2.17,,2.22,1.0,0.5,,0.89,1.0,1.17,,1.22,0.0,0.0,,0.0,0.33,0.5,,0.56,0.0,0.33,,0.22,7.33,7.67,,8.89,2.0,2.0,,2.11,6.0,7.33,,8.0,4.0,3.83,,4.44,0.0,0.0,,0.0,0.33,0.5,,0.89
213,Man United_Norwich_2019,22,2020-01-11,2019,14,4,0,Lost,1,0,Lost,A Taylor,13,8,6,3,18,7,4,2,0,0,0,0,11,12.0,11.0,10.7,10.7,4.0,3.0,3.1,3.1,11.33,10.67,10.3,10.3,4.33,5.0,4.2,4.2,0.67,0.67,0.5,0.5,0.33,0.17,0.1,0.1,2.67,2.83,2.2,2.2,0.0,0.0,0.0,0.0,1.33,1.0,1.6,1.6,1.0,0.5,1.1,1.1,14.33,15.5,15.4,15.4,4.0,4.33,5.0,5.0,12.67,11.5,11.9,11.9,7.67,7.33,7.5,7.5,0.0,0.0,0.0,0.0,1.0,1.17,1.2,1.2
214,Chelsea_Burnley_2019,22,2020-01-11,2019,11,3,0,Lost,2,0,Lost,K Friend,18,7,8,2,7,4,10,3,0,3,0,0,11,5.0,7.5,9.3,9.3,0.67,1.83,2.4,2.4,14.33,13.0,12.3,12.3,2.67,3.83,4.2,4.2,0.33,0.83,1.0,1.0,0.0,0.17,0.3,0.3,1.67,2.17,2.2,2.2,0.0,0.0,0.0,0.0,2.0,1.83,1.7,1.7,1.0,1.17,0.9,0.9,12.33,14.0,14.7,14.7,4.0,4.17,4.4,4.4,13.33,11.0,11.1,11.1,5.0,6.33,6.2,6.2,0.0,0.0,0.0,0.0,1.0,0.67,0.7,0.7
215,Wolves_Newcastle_2019,22,2020-01-11,2019,9,1,1,Draw,1,1,Draw,P Bankes,9,5,4,1,13,12,5,2,0,3,0,0,11,7.33,8.33,7.9,7.9,2.0,3.33,2.7,2.7,8.33,8.83,8.2,8.2,1.33,2.17,2.5,2.5,1.0,1.0,0.9,0.9,0.67,0.67,0.6,0.6,1.33,1.17,1.3,1.3,0.0,0.0,0.1,0.1,1.67,1.67,2.1,2.1,1.0,0.83,0.9,0.9,14.0,15.17,15.7,15.7,6.67,7.0,6.6,6.6,11.67,10.67,10.0,10.0,5.67,7.67,7.8,7.8,0.0,0.0,0.0,0.0,1.33,1.5,1.3,1.3
216,Everton_Brighton_2019,22,2020-01-11,2019,18,1,0,Lost,1,0,Lost,D Coote,14,9,6,2,7,7,4,3,2,1,0,0,11,15.33,14.0,11.9,11.9,8.0,6.0,4.5,4.5,10.67,12.17,11.1,11.1,6.0,5.0,3.8,3.8,1.33,1.17,1.0,1.0,0.67,0.5,0.4,0.4,1.33,1.83,1.7,1.7,0.0,0.17,0.1,0.1,1.33,1.83,1.7,1.7,0.0,0.83,0.7,0.7,11.33,15.67,15.5,15.5,4.67,6.67,6.3,6.3,9.0,8.17,9.1,9.1,7.0,6.17,6.0,6.0,0.0,0.17,0.1,0.1,2.67,1.83,1.6,1.6
217,Bournemouth_Watford_2019,22,2020-01-12,2019,39,0,3,Winn,0,1,Winn,M Dean,10,18,1,6,3,13,5,5,1,1,0,0,11,5.67,7.0,8.2,8.2,1.67,2.0,2.6,2.6,10.0,10.33,9.9,9.9,2.0,3.17,4.1,4.1,0.33,0.83,0.6,0.6,0.33,0.67,0.5,0.5,2.0,1.83,2.0,2.0,0.0,0.17,0.1,0.1,1.67,1.33,2.0,2.0,0.67,0.33,1.0,1.0,14.67,14.0,14.3,14.3,5.33,4.83,4.9,4.9,10.67,8.33,7.6,7.6,7.33,8.17,6.5,6.5,0.0,0.0,0.0,0.0,2.0,2.0,1.8,1.8
218,Aston Villa_Man City_2019,22,2020-01-12,2019,3,1,6,Winn,0,4,Winn,J Moss,7,22,1,12,5,12,2,4,2,1,0,0,11,12.67,16.83,17.9,17.9,6.0,6.67,7.1,7.1,14.33,10.67,10.5,10.5,3.33,6.83,6.5,6.5,3.0,2.33,2.7,2.7,1.67,1.33,1.3,1.3,2.0,1.83,1.9,1.9,0.33,0.17,0.1,0.1,1.33,1.5,1.4,1.4,0.0,0.5,0.7,0.7,10.0,9.17,8.9,8.9,3.67,3.5,4.2,4.2,8.33,7.83,7.2,7.2,3.0,2.5,2.8,2.8,0.0,0.0,0.0,0.0,0.67,0.67,1.2,1.2
219,Man City_Crystal Palace_2019,23,2020-01-18,2019,24,2,2,Draw,0,1,Winn,S Scott,25,5,6,3,9,7,14,2,1,2,0,0,12,11.0,7.67,7.9,7.73,3.0,2.0,2.9,3.0,9.0,11.67,11.5,11.45,4.67,3.67,3.3,3.36,0.67,0.67,1.0,0.91,0.0,0.17,0.3,0.27,0.67,1.0,1.4,1.36,0.0,0.0,0.0,0.0,1.0,0.83,1.3,1.27,0.33,0.17,0.7,0.64,12.33,14.67,14.7,14.73,4.0,4.0,4.2,4.09,12.33,12.33,13.0,13.27,6.0,6.0,6.2,6.36,0.0,0.0,0.0,0.0,2.67,2.83,2.8,2.82
220,Newcastle_Chelsea_2019,23,2020-01-18,2019,30,1,0,Lost,0,0,Draw,C Kavanagh,7,19,2,4,9,14,1,10,1,1,0,0,12,14.0,14.0,15.1,15.36,4.0,4.67,5.6,5.73,15.0,11.33,11.1,11.27,3.67,4.0,4.7,4.73,1.67,1.5,2.5,2.27,1.0,0.83,1.5,1.36,3.33,2.17,1.9,2.09,0.0,0.0,0.0,0.0,0.67,1.33,1.5,1.73,0.33,0.67,0.7,0.73,9.33,11.33,10.8,10.82,2.67,3.67,3.9,4.0,10.0,9.5,8.9,9.45,3.33,3.33,3.6,3.55,0.33,0.17,0.1,0.09,3.67,3.17,2.4,2.45
221,Brighton_Aston Villa_2019,23,2020-01-18,2019,21,1,1,Draw,1,0,Lost,A Madley,10,8,2,3,11,13,3,4,3,3,0,0,12,10.0,10.17,11.8,11.36,2.67,3.0,4.6,4.55,9.33,9.0,10.7,10.55,3.0,4.33,4.5,4.09,0.67,1.0,1.3,1.27,0.67,0.67,0.7,0.73,1.33,1.5,1.8,1.64,0.0,0.0,0.1,0.09,2.0,2.0,2.0,2.09,0.33,0.67,0.4,0.36,15.67,17.5,19.4,20.45,3.33,5.0,5.5,5.64,12.67,14.83,14.1,14.0,5.67,6.83,8.6,9.09,0.33,0.17,0.3,0.27,2.0,2.67,2.5,2.36
222,Southampton_Wolves_2019,23,2020-01-18,2019,4,2,3,Winn,2,0,Lost,D England,11,8,5,4,13,12,1,3,2,1,0,0,12,13.33,15.83,13.7,13.18,3.33,5.0,4.6,4.36,7.67,9.5,10.8,11.0,8.0,7.67,6.7,6.36,1.0,1.33,1.4,1.27,0.0,0.67,0.5,0.45,1.67,1.33,1.7,1.73,0.0,0.0,0.2,0.18,1.33,1.33,1.3,1.18,1.0,1.0,0.9,0.82,10.67,10.67,12.3,12.55,4.33,3.83,3.7,3.45,8.67,8.67,9.0,8.45,4.0,4.67,5.3,5.91,0.33,0.33,0.3,0.27,2.0,1.83,2.1,1.91
223,Norwich_Bournemouth_2019,23,2020-01-18,2019,17,1,0,Lost,1,0,Lost,P Tierney,16,6,5,3,10,10,4,5,2,2,1,1,12,8.0,11.0,10.5,10.64,2.0,3.0,3.0,3.09,12.33,11.5,10.3,10.55,2.67,4.83,5.4,5.36,0.33,0.67,0.8,0.91,0.0,0.17,0.4,0.55,2.0,1.83,2.2,2.18,0.0,0.0,0.0,0.0,2.0,2.0,1.7,1.64,1.33,1.0,0.9,0.82,16.0,15.0,14.7,15.36,6.0,5.67,5.0,5.18,6.67,7.67,8.9,9.0,9.0,7.0,6.9,7.18,0.0,0.17,0.1,0.09,0.67,1.17,1.5,1.36
224,Watford_Tottenham_2019,23,2020-01-18,2019,6,0,0,Draw,0,0,Draw,M Oliver,15,17,2,5,13,13,3,3,2,3,0,0,12,11.67,10.33,10.5,9.82,5.67,5.0,5.0,4.73,9.33,9.83,10.9,10.27,5.67,4.83,4.4,4.18,1.33,1.5,1.3,1.36,0.33,0.67,0.8,0.82,3.67,2.67,2.7,2.45,0.0,0.17,0.1,0.09,1.33,1.5,1.8,1.82,0.67,0.5,0.6,0.73,11.67,10.83,14.5,15.91,3.33,4.0,5.8,6.18,15.67,12.83,12.6,12.73,7.0,5.5,6.4,7.0,0.0,0.0,0.0,0.0,3.33,2.33,2.3,2.18
225,Arsenal_Sheffield United_2019,23,2020-01-18,2019,15,1,1,Draw,1,0,Lost,M Dean,11,12,4,4,9,13,4,5,1,2,0,0,12,6.0,8.33,7.9,7.91,1.33,2.5,2.5,2.55,8.33,10.67,10.0,10.82,4.0,3.17,3.7,3.73,0.33,0.83,1.0,1.0,0.33,0.33,0.3,0.27,1.33,2.33,2.2,2.09,0.0,0.0,0.0,0.0,1.33,1.17,1.0,1.0,0.33,0.33,0.5,0.45,14.67,14.67,13.7,13.64,4.33,4.17,3.9,3.82,5.33,6.67,6.9,7.18,6.67,6.67,7.2,6.82,0.0,0.0,0.0,0.0,0.67,0.83,0.8,0.91
226,West Ham_Everton_2019,23,2020-01-18,2019,8,1,1,Draw,1,1,Draw,A Marriner,12,11,6,3,11,13,7,6,1,0,0,0,12,12.33,14.0,13.1,12.82,4.67,4.33,4.0,3.91,12.0,12.33,13.0,13.09,6.33,6.33,6.5,6.09,1.33,1.5,1.2,1.09,0.67,1.0,0.8,0.73,2.67,2.0,2.1,2.0,0.0,0.0,0.1,0.18,1.33,2.0,2.1,1.91,0.0,0.67,0.7,0.64,20.0,15.17,12.8,12.18,6.67,5.67,5.0,4.73,11.33,11.0,9.8,10.36,4.67,4.67,4.2,4.36,0.0,0.0,0.0,0.0,1.0,0.83,1.1,1.18
227,Burnley_Leicester_2019,23,2020-01-19,2019,27,2,1,Lost,0,1,Winn,A Taylor,8,18,5,8,14,8,4,5,1,0,0,0,12,11.67,15.17,13.7,13.55,6.67,7.0,6.3,6.0,8.33,9.5,10.6,10.91,3.67,4.83,5.5,5.45,2.0,2.33,2.6,2.45,1.33,1.0,1.2,1.09,1.33,1.33,1.4,1.27,0.0,0.0,0.0,0.0,1.33,0.83,0.9,0.91,1.0,0.67,0.6,0.64,14.0,12.67,11.8,12.0,6.0,3.83,4.2,4.27,12.67,13.83,12.0,11.73,5.0,5.67,5.0,4.91,0.0,0.0,0.1,0.09,2.33,2.83,2.0,1.91
228,Liverpool_Man United_2019,23,2020-01-19,2019,13,2,0,Lost,1,0,Lost,C Pawson,16,9,5,4,7,10,11,5,1,3,0,0,12,13.67,13.0,14.1,13.64,5.67,5.5,5.8,5.45,12.0,11.33,10.4,10.18,4.33,4.83,5.5,5.55,0.67,1.17,1.1,1.09,0.33,0.5,0.6,0.64,1.33,1.83,2.0,2.0,0.0,0.0,0.0,0.0,1.33,1.5,1.4,1.36,0.67,0.67,0.5,0.45,9.67,12.5,11.5,11.0,2.67,4.5,4.0,3.82,14.67,13.5,13.1,13.45,3.0,5.83,4.5,4.45,0.0,0.0,0.1,0.09,3.0,2.83,2.5,2.45
229,Sheffield United_Man City_2019,24,2020-01-21,2019,3,0,1,Winn,0,0,Draw,L Mason,4,18,1,5,13,13,5,13,4,3,0,0,12,14.33,17.0,18.7,18.27,7.33,7.0,7.4,7.55,16.33,11.0,10.4,10.64,2.67,6.17,6.8,6.27,3.67,3.0,2.8,3.0,2.67,1.67,1.6,1.55,2.0,1.83,1.8,1.82,0.33,0.17,0.1,0.09,1.33,1.67,1.5,1.36,0.0,0.5,0.7,0.64,11.0,9.17,9.1,8.73,3.33,3.33,4.0,3.91,7.0,7.33,7.1,7.0,2.67,2.67,2.9,2.73,0.0,0.0,0.0,0.0,1.0,0.83,1.2,1.27
230,Aston Villa_Watford_2019,24,2020-01-21,2019,39,2,1,Lost,0,1,Winn,M Atkinson,16,8,5,2,11,18,6,3,2,2,0,0,12,10.33,8.83,9.2,9.09,3.33,2.67,3.0,2.91,9.0,11.0,10.1,10.18,3.0,3.67,3.9,4.18,1.33,1.17,0.9,0.82,0.67,0.67,0.6,0.55,1.67,1.5,1.8,1.91,0.0,0.17,0.1,0.09,1.0,1.17,1.9,1.82,0.67,0.33,0.9,0.91,14.0,13.67,14.1,13.91,3.67,4.67,4.8,4.55,7.33,8.0,6.8,7.18,6.67,7.17,6.6,6.36,0.0,0.0,0.0,0.0,1.33,1.5,1.7,1.73
231,Everton_Newcastle_2019,24,2020-01-21,2019,9,2,2,Draw,1,0,Lost,S Hooper,17,8,8,2,13,10,6,4,1,1,0,0,12,7.0,8.33,7.4,7.64,1.0,3.5,2.5,2.55,10.33,8.83,8.3,8.55,1.67,2.5,2.2,2.45,0.67,1.17,0.9,0.91,0.67,0.83,0.7,0.64,2.33,1.5,1.3,1.45,0.0,0.0,0.1,0.09,2.0,1.67,1.9,2.0,1.33,1.0,0.9,0.91,12.67,14.0,15.1,15.09,6.0,6.33,6.2,6.36,12.67,11.33,10.4,10.27,4.67,6.67,7.6,7.55,0.0,0.0,0.0,0.0,0.67,1.17,1.2,1.18
232,Crystal Palace_Southampton_2019,24,2020-01-21,2019,12,0,2,Winn,0,1,Winn,A Marriner,6,15,0,6,12,13,0,8,1,2,0,0,12,12.67,13.5,13.2,13.0,7.0,5.67,5.6,5.36,13.67,14.5,13.7,13.55,3.33,5.0,5.0,5.18,2.33,1.83,1.6,1.45,1.33,1.0,0.7,0.64,2.0,2.0,2.0,1.82,0.0,0.0,0.0,0.0,0.67,1.33,1.1,1.27,0.33,0.33,0.4,0.36,11.33,14.0,12.6,12.36,4.67,4.83,4.1,4.09,11.67,11.67,10.4,10.0,5.67,7.17,7.0,6.55,0.0,0.0,0.3,0.27,1.67,2.5,2.0,1.82
233,Bournemouth_Brighton_2019,24,2020-01-21,2019,18,3,1,Lost,2,0,Lost,K Friend,11,21,3,8,9,12,5,8,1,1,0,0,12,11.67,12.17,12.3,11.64,5.67,5.5,4.4,4.27,9.33,10.5,10.7,10.73,4.0,4.67,3.9,3.73,0.67,1.0,0.7,0.91,0.33,0.33,0.3,0.36,1.33,1.67,1.7,1.64,0.0,0.0,0.1,0.09,1.33,1.67,1.8,1.64,0.33,0.83,0.8,0.73,12.0,14.0,15.8,15.36,5.0,6.33,6.6,6.27,8.0,7.83,8.3,8.91,5.33,5.67,5.9,5.82,0.0,0.17,0.1,0.09,2.33,2.0,1.8,1.64
234,Chelsea_Arsenal_2019,24,2020-01-21,2019,31,2,2,Draw,1,0,Lost,S Attwell,19,2,8,2,11,6,17,5,2,1,0,1,12,10.0,10.67,10.2,10.0,2.67,3.17,3.4,3.27,15.33,12.0,10.6,10.27,3.67,5.0,5.4,5.18,0.67,1.17,1.1,1.09,0.33,0.33,0.4,0.36,3.33,2.0,2.2,2.27,0.33,0.17,0.1,0.09,0.67,1.17,1.4,1.27,0.33,0.67,0.7,0.64,9.0,12.0,15.2,14.64,2.33,4.33,4.4,4.18,9.67,9.83,10.9,11.0,4.67,5.0,5.8,5.73,0.0,0.0,0.0,0.0,2.67,2.17,2.5,2.36
235,Man United_Burnley_2019,24,2020-01-22,2019,11,0,2,Winn,0,1,Winn,J Moss,24,5,7,2,11,7,5,2,0,2,0,0,12,5.0,6.5,8.2,9.09,1.0,1.5,2.1,2.36,13.0,12.0,11.6,11.55,3.33,3.67,3.8,4.09,0.33,0.67,0.9,0.91,0.0,0.0,0.2,0.27,2.33,2.17,2.4,2.27,0.0,0.0,0.0,0.0,1.33,2.0,1.8,1.82,0.67,1.33,1.0,1.0,14.0,13.83,14.9,15.0,4.33,5.0,4.3,4.73,11.67,11.5,10.5,10.73,8.0,6.5,6.2,6.55,0.0,0.0,0.0,0.0,0.67,0.67,0.5,0.64
236,Leicester_West Ham_2019,23,2020-01-22,2019,5,4,1,Lost,2,0,Lost,D Coote,19,6,8,2,10,19,7,8,1,1,0,0,12,9.33,7.67,10.0,9.82,2.67,3.17,4.0,3.91,10.0,10.83,11.1,11.0,5.67,4.67,4.7,4.82,0.67,0.5,0.8,0.82,0.33,0.17,0.3,0.27,1.67,1.83,1.6,1.64,0.0,0.0,0.1,0.09,1.0,1.33,1.3,1.27,0.0,0.5,0.6,0.55,12.33,13.83,14.8,14.91,3.0,5.67,5.7,5.55,8.33,8.33,9.7,9.82,6.33,7.33,7.1,7.18,0.0,0.0,0.0,0.0,0.67,0.83,1.3,1.18
237,Tottenham_Norwich_2019,24,2020-01-22,2019,14,2,1,Lost,1,0,Lost,C Kavanagh,14,12,3,2,12,7,7,3,0,1,0,0,12,11.33,10.67,10.3,10.45,4.0,3.33,2.9,3.09,11.33,10.0,10.1,10.0,4.67,4.17,4.2,4.0,0.33,0.67,0.4,0.45,0.33,0.17,0.1,0.09,2.33,2.33,2.0,2.0,0.0,0.0,0.0,0.0,2.0,1.67,1.6,1.82,0.67,0.67,0.8,1.09,14.0,15.83,15.2,15.18,4.33,5.0,4.9,5.09,14.67,13.17,12.8,12.45,7.0,7.0,6.8,7.18,0.0,0.0,0.0,0.0,0.67,1.0,1.2,1.09
238,Wolves_Liverpool_2019,23,2020-01-23,2019,10,1,2,Winn,0,1,Winn,M Oliver,10,13,3,6,6,11,2,4,0,1,0,0,11,16.33,16.0,14.8,14.8,7.33,6.0,5.6,5.6,7.0,8.5,9.0,9.0,4.67,5.5,5.5,5.5,2.67,2.17,2.1,2.1,1.33,0.67,0.9,0.9,1.33,1.33,1.3,1.3,0.0,0.0,0.0,0.0,0.0,0.5,0.5,0.5,0.0,0.33,0.2,0.2,6.67,8.0,9.4,9.4,1.33,2.33,2.3,2.3,4.67,6.67,7.6,7.6,2.33,3.5,4.4,4.4,0.0,0.0,0.0,0.0,0.33,0.33,0.8,0.8
239,West Ham_Liverpool_2019,24,2020-01-29,2019,10,0,2,Winn,0,1,Winn,J Moss,7,13,4,5,6,6,3,7,2,0,0,0,12,13.67,16.5,14.6,14.64,6.33,6.33,5.6,5.64,8.67,8.0,9.5,9.18,5.0,6.0,5.0,5.36,2.33,2.33,2.1,2.09,1.0,0.83,0.9,0.91,1.33,1.33,1.3,1.27,0.0,0.0,0.0,0.0,0.33,0.5,0.5,0.55,0.0,0.17,0.2,0.18,9.0,8.5,9.0,9.45,2.33,2.5,2.3,2.36,5.0,6.67,7.2,7.45,2.67,3.33,4.1,4.18,0.0,0.0,0.0,0.0,0.33,0.33,0.6,0.73
240,West Ham_Brighton_2019,25,2020-02-01,2019,18,3,3,Draw,2,0,Lost,M Oliver,12,19,6,6,8,9,4,6,1,1,0,0,13,13.67,14.67,13.8,12.42,5.0,6.5,5.0,4.58,9.33,10.17,11.3,10.83,4.33,5.67,4.6,4.08,0.67,1.0,0.8,0.92,0.33,0.33,0.3,0.33,1.33,1.0,1.7,1.58,0.0,0.0,0.1,0.08,2.0,1.67,1.7,1.75,1.0,0.83,0.8,0.83,12.0,12.33,15.4,15.0,4.67,5.0,6.3,6.0,8.67,7.67,8.2,8.92,6.0,5.67,5.6,5.75,0.0,0.17,0.1,0.08,2.33,1.83,1.8,1.58
241,Man United_Wolves_2019,25,2020-02-01,2019,4,0,0,Draw,0,0,Draw,P Tierney,15,14,5,3,14,15,4,6,3,2,0,0,13,11.33,13.0,13.7,12.75,3.33,4.33,4.5,4.33,7.0,9.0,10.8,11.08,5.33,6.67,6.3,6.08,1.33,1.67,1.5,1.42,0.0,0.67,0.4,0.42,0.67,1.17,1.4,1.67,0.0,0.0,0.1,0.17,1.67,1.5,1.2,1.25,1.33,1.17,0.9,0.92,10.0,10.83,11.9,12.42,3.67,4.0,3.6,3.58,10.67,9.83,9.1,8.83,3.33,3.5,4.7,5.5,0.33,0.33,0.3,0.25,2.0,2.17,2.2,1.92
242,Crystal Palace_Sheffield United_2019,25,2020-02-01,2019,15,0,1,Winn,0,0,Draw,A Madley,13,10,3,3,9,15,9,5,3,2,0,0,13,7.67,8.0,8.3,8.25,2.0,2.5,2.7,2.67,9.0,11.33,10.2,11.0,4.67,3.33,3.8,3.83,0.33,0.83,0.9,1.0,0.0,0.33,0.3,0.25,1.0,2.33,2.3,2.08,0.0,0.0,0.0,0.0,1.67,1.17,0.9,1.0,0.67,0.5,0.4,0.5,15.33,13.67,13.5,13.42,5.0,4.0,3.8,3.83,6.33,7.17,7.2,7.33,6.67,6.67,7.3,6.58,0.0,0.0,0.0,0.0,0.67,0.67,0.9,0.92
243,Newcastle_Norwich_2019,25,2020-02-01,2019,14,0,0,Draw,0,0,Draw,M Atkinson,15,19,5,4,10,15,8,12,2,1,0,0,13,12.0,11.5,10.7,10.58,3.67,3.67,2.8,3.0,8.67,9.83,9.8,9.75,4.33,4.17,4.3,3.92,0.33,0.83,0.5,0.5,0.0,0.17,0.1,0.08,1.33,2.33,2.0,1.92,0.0,0.0,0.0,0.0,2.33,1.67,1.6,1.83,0.67,0.83,0.8,1.08,12.67,14.67,14.8,15.08,3.67,4.67,4.4,4.92,15.0,13.33,12.4,12.42,5.33,6.83,6.7,7.17,0.0,0.0,0.0,0.0,0.67,1.0,1.0,1.0
244,Liverpool_Southampton_2019,25,2020-02-01,2019,12,4,0,Lost,0,0,Draw,K Friend,16,17,9,4,9,15,6,11,0,2,0,0,13,12.0,15.5,13.5,13.17,6.33,6.17,5.8,5.42,13.0,15.0,14.0,13.5,4.33,6.33,5.3,5.42,2.0,2.0,1.6,1.5,1.0,1.0,0.8,0.67,2.33,2.17,1.9,1.83,0.0,0.0,0.0,0.0,0.33,1.0,1.1,1.17,0.33,0.33,0.4,0.33,7.0,10.67,12.0,11.83,2.67,4.17,3.8,3.75,10.33,11.83,10.7,10.17,3.33,4.33,6.2,6.0,0.0,0.0,0.2,0.25,1.33,2.17,2.0,1.75
245,Watford_Everton_2019,25,2020-02-01,2019,8,2,3,Winn,2,2,Draw,C Pawson,11,12,2,5,17,14,4,4,2,2,0,1,13,13.33,11.83,13.0,12.67,4.67,4.0,4.2,3.83,12.33,12.5,12.5,13.08,6.67,5.83,6.5,6.08,1.33,1.33,1.3,1.08,0.67,1.0,0.9,0.75,2.0,1.83,1.8,1.83,0.0,0.0,0.1,0.17,1.33,2.0,2.0,1.83,0.33,0.83,0.7,0.67,16.0,16.5,13.3,12.17,6.0,6.17,5.3,4.83,11.67,10.83,9.9,10.42,5.0,5.0,4.9,4.58,0.0,0.0,0.0,0.0,1.0,0.83,1.0,1.17
246,Bournemouth_Aston Villa_2019,25,2020-02-01,2019,21,2,1,Lost,2,0,Lost,A Taylor,16,18,6,5,10,15,1,8,1,3,1,0,13,10.0,9.33,11.6,11.08,3.67,2.83,4.7,4.42,10.67,9.83,10.4,10.75,3.67,4.5,4.7,4.08,1.0,1.0,1.4,1.25,0.67,0.67,0.7,0.67,1.67,1.5,1.7,1.75,0.0,0.0,0.0,0.08,1.67,1.83,2.0,2.0,0.67,0.67,0.5,0.42,16.67,16.33,18.2,19.58,3.0,4.5,5.2,5.33,13.0,13.83,13.7,13.75,5.67,6.33,7.6,8.58,0.33,0.17,0.3,0.25,2.33,2.5,2.6,2.42
247,Leicester_Chelsea_2019,25,2020-02-01,2019,30,2,2,Draw,0,0,Draw,L Mason,14,7,4,3,16,14,4,6,2,2,0,0,13,16.0,14.5,14.7,15.67,4.33,3.67,5.2,5.58,16.0,12.83,11.6,11.5,5.33,4.67,4.9,5.17,1.0,1.17,2.2,2.08,0.33,0.67,1.3,1.25,2.67,2.0,1.9,2.0,0.0,0.0,0.0,0.0,1.0,1.33,1.4,1.67,0.33,0.67,0.5,0.67,10.0,10.5,10.9,10.5,3.0,3.5,3.6,3.83,10.0,9.67,8.9,9.42,2.67,3.33,3.6,3.33,0.0,0.17,0.1,0.08,2.67,2.67,2.4,2.33
248,Tottenham_Man City_2019,25,2020-02-02,2019,3,2,0,Lost,0,0,Draw,M Dean,3,18,3,5,8,14,2,6,2,3,0,1,13,15.67,17.0,18.6,18.25,6.67,7.33,7.4,7.33,12.67,12.33,10.4,10.83,6.0,6.17,7.6,6.83,3.0,3.0,2.6,2.83,1.67,1.67,1.4,1.42,1.67,2.0,1.8,1.92,0.33,0.17,0.1,0.08,1.33,1.17,1.4,1.25,0.0,0.17,0.6,0.58,10.33,7.83,8.5,8.33,3.33,2.67,3.4,3.67,8.33,7.83,7.7,7.5,3.33,2.83,3.0,2.92,0.0,0.0,0.0,0.0,2.0,1.5,1.5,1.5
249,Burnley_Arsenal_2019,25,2020-02-02,2019,31,0,0,Draw,0,0,Draw,C Kavanagh,15,13,2,2,8,11,5,7,1,3,0,0,13,8.67,9.67,9.5,9.33,2.67,3.33,3.3,3.17,13.67,11.33,10.7,9.92,4.0,5.17,5.5,5.17,1.33,1.5,1.2,1.17,0.33,0.33,0.4,0.33,2.67,2.0,2.2,2.17,0.67,0.33,0.2,0.17,1.33,1.17,1.3,1.33,0.67,0.83,0.7,0.67,12.33,12.0,14.6,15.0,5.0,4.5,4.7,4.5,10.0,10.0,11.2,11.0,8.67,7.0,6.9,6.67,0.0,0.0,0.0,0.0,2.67,2.33,2.6,2.33
250,Everton_Crystal Palace_2019,26,2020-02-08,2019,24,3,1,Lost,1,0,Lost,D Coote,14,10,8,2,11,12,4,6,0,1,0,0,13,7.33,8.0,7.9,7.5,2.67,2.33,2.9,3.0,7.67,10.0,10.4,11.08,3.67,4.0,3.4,3.25,1.33,1.0,1.0,1.0,0.33,0.33,0.3,0.33,1.33,1.0,1.2,1.42,0.0,0.0,0.0,0.0,1.33,0.83,1.4,1.33,0.33,0.17,0.7,0.58,18.0,15.0,15.0,15.58,5.0,4.17,4.5,4.25,11.33,12.33,13.1,12.92,9.33,7.17,6.8,7.0,0.0,0.0,0.0,0.0,2.33,2.5,2.7,2.67
251,Brighton_Watford_2019,26,2020-02-08,2019,39,1,1,Draw,0,1,Winn,K Friend,10,5,2,2,9,12,3,2,2,2,0,0,13,10.33,8.17,8.7,9.0,3.33,2.67,2.9,2.83,13.0,11.83,10.8,10.83,3.0,3.5,3.7,4.08,1.67,1.0,0.9,0.83,1.0,0.67,0.6,0.58,2.0,1.5,1.7,1.92,0.0,0.0,0.1,0.08,1.0,1.5,2.0,1.83,0.33,0.33,0.8,0.83,14.0,13.5,14.4,14.08,3.33,4.67,4.8,4.58,8.33,8.67,7.4,7.5,6.67,6.5,6.6,6.33,0.0,0.0,0.0,0.0,1.33,1.67,1.7,1.75
252,Sheffield United_Bournemouth_2019,26,2020-02-09,2019,17,2,1,Lost,1,1,Draw,J Moss,16,10,6,2,10,8,8,4,2,2,0,0,13,6.33,9.33,10.3,10.25,2.33,3.0,3.1,3.08,11.0,12.33,10.2,10.5,3.0,5.0,5.4,5.33,0.0,0.5,0.7,0.83,0.0,0.0,0.3,0.5,2.0,2.17,2.1,2.17,0.33,0.17,0.1,0.08,2.33,1.83,1.5,1.58,1.67,1.0,0.8,0.83,15.33,14.33,15.0,15.42,6.0,5.0,5.0,5.17,7.0,7.67,9.0,9.08,7.33,6.83,6.9,6.92,0.33,0.33,0.2,0.17,1.0,1.17,1.6,1.42
253,Wolves_Leicester_2019,26,2020-02-14,2019,27,0,0,Draw,0,0,Draw,M Dean,15,9,3,3,13,10,7,0,2,2,0,1,13,16.0,15.83,14.5,13.92,8.67,7.5,6.9,6.17,8.0,8.17,10.8,10.67,5.0,4.67,5.6,5.42,2.0,2.17,2.5,2.33,1.33,1.17,1.2,1.08,0.67,1.0,1.4,1.17,0.0,0.0,0.0,0.0,1.0,1.17,1.0,1.0,0.33,0.67,0.6,0.58,9.0,12.0,11.8,11.67,3.67,4.17,4.4,4.33,12.67,13.67,12.3,11.92,4.33,5.5,4.7,4.83,0.0,0.0,0.1,0.08,2.0,2.67,2.0,1.83
254,Norwich_Liverpool_2019,26,2020-02-15,2019,10,0,1,Winn,0,0,Draw,S Attwell,5,17,1,6,5,11,2,7,1,2,0,0,13,13.0,14.5,14.4,14.5,6.0,6.17,5.4,5.58,8.33,7.5,8.5,8.92,4.67,5.5,5.3,5.5,1.67,2.33,2.0,2.08,1.0,1.0,0.8,0.92,1.0,1.0,1.3,1.17,0.0,0.0,0.0,0.0,0.33,0.33,0.5,0.5,0.0,0.0,0.2,0.17,10.33,8.83,9.0,9.25,3.67,2.83,2.5,2.5,5.33,5.67,6.8,7.33,3.0,3.5,3.8,4.08,0.0,0.0,0.0,0.0,0.67,0.5,0.8,0.83
255,Southampton_Burnley_2019,26,2020-02-15,2019,11,1,2,Winn,1,1,Draw,S Hooper,10,9,2,6,8,11,4,3,2,2,0,0,13,6.0,6.33,7.4,8.75,1.33,1.83,1.9,2.33,8.33,11.17,11.2,11.17,2.33,3.0,3.7,3.92,0.67,1.0,1.0,1.0,0.33,0.17,0.2,0.33,1.67,2.17,2.4,2.25,0.0,0.0,0.0,0.0,1.33,1.5,1.7,1.67,0.67,0.83,1.0,0.92,21.0,15.67,15.6,15.75,6.67,5.17,4.8,4.92,11.0,12.0,10.7,10.75,8.33,6.17,6.3,6.42,0.0,0.0,0.0,0.0,0.0,0.5,0.5,0.58
256,Aston Villa_Tottenham_2019,26,2020-02-16,2019,6,2,3,Winn,1,2,Winn,M Atkinson,18,23,4,10,12,10,12,7,2,0,0,0,13,14.33,12.5,10.9,10.42,5.67,5.5,4.6,4.75,10.33,10.67,10.3,10.5,6.0,5.0,4.1,4.08,0.67,1.33,1.1,1.25,0.0,0.67,0.6,0.75,3.33,2.83,2.5,2.5,0.0,0.0,0.1,0.08,1.0,1.33,1.6,1.67,0.67,0.5,0.5,0.67,10.67,12.17,13.4,15.83,2.33,3.83,5.2,5.83,15.33,13.5,12.6,12.75,4.33,5.17,5.6,6.67,0.0,0.0,0.0,0.0,2.67,2.5,2.2,2.17
257,Arsenal_Newcastle_2019,26,2020-02-16,2019,9,4,0,Lost,0,0,Draw,L Mason,15,10,7,2,15,9,5,6,2,0,0,0,13,6.67,7.67,7.4,7.67,1.67,2.33,2.4,2.5,9.67,9.33,8.8,8.67,2.0,2.67,2.0,2.58,1.33,1.0,1.0,1.0,0.67,0.5,0.6,0.58,2.0,1.5,1.2,1.42,0.0,0.0,0.1,0.08,2.33,1.67,2.1,2.0,1.67,1.17,1.0,0.92,16.0,14.17,15.1,15.25,7.33,6.67,6.8,6.5,12.0,11.83,10.7,10.5,5.33,6.5,7.6,7.42,0.0,0.0,0.0,0.0,1.0,1.0,1.1,1.17
258,Chelsea_Man United_2019,26,2020-02-17,2019,13,0,2,Winn,0,1,Winn,A Taylor,17,9,1,3,11,11,9,8,4,3,0,0,13,11.0,12.0,12.9,13.25,4.33,5.5,5.4,5.33,11.67,11.0,10.7,10.17,4.33,4.0,5.7,5.5,0.67,1.17,1.0,1.0,0.33,0.5,0.5,0.58,2.0,1.83,2.1,2.08,0.0,0.0,0.0,0.0,1.33,1.67,1.5,1.42,1.0,0.67,0.6,0.5,11.33,13.17,12.1,11.42,3.33,4.33,4.3,3.92,11.67,12.33,12.1,12.92,5.67,7.0,5.4,5.0,0.0,0.0,0.0,0.08,2.33,2.33,2.5,2.33
259,Man City_West Ham_2019,26,2020-02-19,2019,5,2,0,Lost,1,0,Lost,K Friend,20,3,7,0,5,7,6,1,0,1,0,0,13,7.67,7.5,9.0,9.5,2.0,2.83,3.2,3.75,11.67,12.33,11.9,11.67,5.67,5.33,4.8,5.08,0.67,0.67,0.6,0.83,0.0,0.17,0.2,0.25,1.0,1.83,1.6,1.58,0.0,0.0,0.1,0.08,2.33,1.5,1.6,1.5,0.67,0.5,0.7,0.67,15.0,14.67,14.4,15.25,5.0,5.0,6.2,5.75,8.67,7.17,9.5,9.83,7.0,6.67,7.0,7.17,0.0,0.0,0.0,0.0,0.67,0.67,1.3,1.17
260,Leicester_Man City_2019,27,2020-02-22,2019,3,0,1,Winn,0,0,Draw,P Tierney,10,18,3,7,14,10,3,7,0,0,0,0,14,19.33,16.0,17.9,18.23,7.33,6.67,7.1,7.15,13.0,13.67,11.1,11.08,7.67,5.5,6.6,6.77,2.33,2.67,2.4,2.62,1.33,1.5,1.3,1.31,2.33,2.17,2.0,2.0,0.33,0.33,0.2,0.15,1.0,1.17,1.3,1.31,0.0,0.0,0.4,0.54,4.67,7.33,8.1,7.92,1.67,2.67,3.4,3.62,8.67,8.5,7.7,7.54,3.0,3.0,2.9,2.85,0.0,0.0,0.0,0.0,2.67,1.67,1.4,1.54
261,Southampton_Aston Villa_2019,27,2020-02-22,2019,21,2,0,Lost,1,0,Lost,C Pawson,28,4,9,1,13,17,9,6,1,4,0,0,14,12.33,10.83,12.0,11.62,4.67,3.17,4.3,4.46,12.67,11.0,10.4,11.08,5.33,4.33,5.1,4.38,1.33,0.83,1.3,1.23,0.67,0.5,0.6,0.62,2.33,1.83,1.9,1.85,0.0,0.0,0.0,0.08,1.33,1.83,1.9,2.0,1.0,0.83,0.7,0.54,15.33,16.33,17.7,19.31,3.0,4.5,5.2,5.38,11.0,12.83,13.4,13.46,4.0,5.0,6.8,8.0,0.33,0.33,0.3,0.31,1.67,2.0,2.2,2.31
262,Sheffield United_Brighton_2019,27,2020-02-22,2019,18,1,1,Draw,1,1,Draw,G Scott,14,8,3,2,3,6,12,2,0,2,0,0,14,16.33,15.83,14.1,12.92,5.33,6.67,5.3,4.69,9.33,10.0,11.4,10.69,5.67,5.83,4.9,4.23,1.33,1.33,1.1,1.08,0.0,0.33,0.3,0.31,1.0,1.17,1.7,1.54,0.0,0.0,0.1,0.08,2.33,1.83,2.0,1.85,1.67,0.83,1.0,0.92,12.33,11.83,15.5,14.77,5.0,4.83,6.5,6.0,8.0,8.5,7.8,8.85,4.33,5.67,5.5,5.62,0.0,0.0,0.1,0.08,1.33,2.0,1.7,1.54
263,Chelsea_Tottenham_2019,27,2020-02-22,2019,6,2,1,Lost,1,0,Lost,M Oliver,17,5,7,3,14,14,3,5,1,2,0,0,14,17.0,13.83,12.1,11.38,6.67,6.17,5.2,5.15,10.33,10.0,10.0,10.46,6.33,5.0,4.6,4.31,1.0,1.33,1.3,1.38,0.67,0.67,0.7,0.85,2.33,2.5,2.3,2.31,0.0,0.0,0.1,0.08,1.0,1.33,1.6,1.69,0.67,0.67,0.6,0.69,15.0,13.33,13.6,16.0,3.0,3.83,4.9,5.69,15.33,13.5,12.2,12.69,7.0,6.67,6.0,7.08,0.0,0.0,0.0,0.0,2.33,2.33,2.3,2.15
264,Burnley_Bournemouth_2019,27,2020-02-22,2019,17,3,0,Lost,0,0,Draw,M Dean,16,12,10,4,9,9,7,3,4,3,0,0,14,6.33,7.67,10.7,10.23,2.33,2.33,3.0,3.0,10.0,11.67,10.1,10.31,3.67,4.33,5.3,5.23,0.33,0.33,0.5,0.85,0.33,0.17,0.2,0.54,2.0,2.17,2.0,2.15,0.33,0.17,0.1,0.08,2.33,1.67,1.6,1.62,1.67,1.0,0.9,0.85,15.33,14.5,14.1,15.46,6.0,5.17,5.0,5.23,7.67,7.67,9.2,9.15,7.0,7.5,7.3,7.0,0.33,0.33,0.2,0.15,1.67,1.5,1.7,1.46
265,Crystal Palace_Newcastle_2019,27,2020-02-22,2019,9,1,0,Lost,1,0,Lost,P Bankes,18,8,9,2,15,11,7,5,2,6,0,1,14,7.67,7.5,7.6,7.85,1.67,1.83,2.5,2.46,10.33,9.33,9.3,8.69,4.0,2.67,2.5,2.85,1.0,1.0,0.9,0.92,0.33,0.5,0.5,0.54,1.33,1.33,1.2,1.31,0.0,0.0,0.1,0.08,2.33,2.0,2.2,2.15,0.67,0.83,0.8,0.85,13.67,13.83,14.5,15.23,6.33,6.5,6.6,6.54,13.67,12.67,11.7,10.85,5.33,5.5,7.1,7.23,0.0,0.0,0.0,0.0,1.0,1.17,1.3,1.23
266,Arsenal_Everton_2019,27,2020-02-23,2019,8,3,2,Lost,2,2,Draw,S Attwell,9,17,4,5,12,12,6,3,0,4,0,0,14,10.0,12.0,12.8,12.62,3.33,4.33,4.2,3.92,12.67,13.33,12.5,13.15,5.33,5.83,6.2,5.92,1.67,1.67,1.5,1.23,1.0,1.17,1.0,0.85,2.0,2.0,1.6,1.85,0.33,0.17,0.2,0.23,1.67,2.0,1.9,1.85,1.0,1.17,0.8,0.77,13.0,15.67,13.1,12.08,5.0,5.5,4.9,4.62,13.0,12.5,11.1,10.92,4.67,5.0,4.6,4.54,0.0,0.0,0.0,0.0,1.0,1.17,1.2,1.23
267,Wolves_Norwich_2019,27,2020-02-23,2019,14,3,0,Lost,2,0,Lost,C Kavanagh,19,6,6,4,11,6,4,1,2,3,0,0,14,13.0,12.5,11.5,11.23,3.0,3.5,3.0,3.08,9.67,10.5,10.3,10.15,5.67,5.0,5.2,4.54,0.33,0.5,0.5,0.46,0.0,0.17,0.1,0.08,0.67,1.67,2.0,1.85,0.0,0.0,0.0,0.0,2.0,1.67,1.4,1.69,0.67,0.83,0.6,1.0,14.0,14.17,15.0,15.08,4.67,4.33,4.3,4.92,13.33,13.0,12.3,12.23,6.33,7.0,6.8,7.23,0.0,0.0,0.0,0.0,0.67,0.83,1.2,1.08
268,Man United_Watford_2019,27,2020-02-23,2019,39,3,0,Lost,1,0,Lost,M Atkinson,21,7,9,2,6,15,3,5,0,1,0,0,14,10.33,8.0,8.7,8.69,3.33,2.5,2.7,2.77,14.33,12.17,11.1,10.92,3.33,2.67,3.5,3.92,1.67,1.0,1.0,0.85,1.0,0.67,0.7,0.62,1.67,1.83,1.7,1.92,0.0,0.0,0.1,0.08,1.0,1.33,1.3,1.77,0.0,0.33,0.3,0.77,12.0,13.33,12.6,13.77,2.67,4.0,3.9,4.38,7.67,9.17,7.8,7.62,4.67,6.0,6.4,6.08,0.0,0.0,0.0,0.0,1.67,1.83,1.7,1.77
269,Liverpool_West Ham_2019,27,2020-02-24,2019,5,3,2,Lost,1,1,Draw,J Moss,25,7,7,4,4,10,16,8,0,3,0,0,14,5.33,7.17,8.0,9.0,1.33,2.17,3.1,3.46,10.67,10.83,11.4,11.31,4.0,5.0,4.5,4.77,0.33,0.5,0.6,0.77,0.0,0.17,0.2,0.23,0.67,1.5,1.6,1.54,0.0,0.0,0.0,0.08,2.33,1.83,1.8,1.54,1.0,0.67,0.8,0.69,17.33,14.83,15.4,15.62,6.0,5.17,6.4,5.85,8.67,8.0,8.7,9.46,6.67,6.17,7.4,7.08,0.0,0.0,0.0,0.0,0.67,0.67,1.1,1.08
270,Norwich_Leicester_2019,28,2020-02-28,2019,27,1,0,Lost,0,0,Draw,C Pawson,11,19,6,4,13,16,6,7,1,2,0,0,14,14.67,14.17,14.5,13.54,7.0,6.5,6.9,5.92,10.0,9.67,10.4,10.62,3.33,3.5,4.7,5.0,1.33,1.83,2.5,2.15,1.0,1.17,1.2,1.0,1.0,1.33,1.4,1.23,0.33,0.17,0.1,0.08,0.67,1.17,0.9,0.92,0.0,0.67,0.5,0.54,9.33,13.33,12.3,11.92,3.33,4.67,4.2,4.23,11.67,14.33,12.2,12.0,5.0,5.67,5.1,5.0,0.0,0.0,0.1,0.08,1.33,2.67,2.1,1.85
271,Bournemouth_Chelsea_2019,28,2020-02-29,2019,30,2,2,Draw,0,1,Winn,A Marriner,9,23,5,6,8,5,4,14,2,2,0,0,14,14.0,13.83,13.9,15.0,4.0,3.83,4.9,5.38,14.33,13.67,11.9,11.69,6.33,5.33,5.0,5.23,1.0,1.33,1.9,2.08,0.33,0.5,1.0,1.15,2.0,2.17,1.9,2.0,0.0,0.0,0.0,0.0,1.33,1.33,1.4,1.69,0.0,0.33,0.5,0.62,12.33,10.33,11.2,10.77,3.67,3.5,3.6,3.85,11.0,11.5,9.7,9.92,3.33,2.67,3.3,3.38,0.0,0.17,0.1,0.08,1.67,2.83,2.5,2.31
272,Watford_Liverpool_2019,28,2020-02-29,2019,10,3,0,Lost,0,0,Draw,M Oliver,14,7,5,1,4,8,3,5,0,0,0,0,14,14.33,15.33,15.5,14.69,5.67,6.5,5.7,5.62,9.33,8.17,8.3,9.08,6.0,5.33,5.6,5.62,1.67,2.17,1.9,2.0,0.67,1.0,0.6,0.85,1.0,1.17,1.2,1.23,0.0,0.0,0.0,0.0,0.33,0.17,0.4,0.46,0.0,0.0,0.2,0.15,7.33,7.0,8.2,8.92,2.67,2.0,2.4,2.38,5.67,5.17,6.5,7.15,2.33,2.33,3.4,3.92,0.0,0.0,0.0,0.0,1.0,0.67,0.6,0.85
273,West Ham_Southampton_2019,28,2020-02-29,2019,12,3,1,Lost,2,1,Lost,A Taylor,14,10,7,2,8,11,4,9,1,1,0,0,14,16.0,14.83,14.1,13.46,6.67,5.83,5.5,5.31,15.0,14.33,14.8,13.62,7.67,6.83,5.8,5.85,1.33,1.67,1.5,1.38,0.67,0.83,0.8,0.62,2.33,2.17,2.0,1.85,0.0,0.0,0.0,0.0,1.67,1.33,1.5,1.38,0.33,0.17,0.4,0.31,9.0,11.33,11.9,12.15,4.67,4.83,4.3,4.15,10.0,11.17,10.6,10.08,2.67,4.33,5.6,6.0,0.0,0.0,0.1,0.23,0.33,1.17,1.9,1.62
274,Brighton_Crystal Palace_2019,28,2020-02-29,2019,24,0,1,Winn,0,0,Draw,M Atkinson,24,12,8,3,8,9,8,7,1,1,0,0,14,9.0,8.5,7.8,7.69,2.67,2.33,2.5,2.92,9.33,10.33,10.5,11.15,4.33,4.0,3.7,3.46,1.33,0.83,1.1,1.0,0.33,0.17,0.3,0.31,1.0,1.17,1.1,1.38,0.0,0.0,0.0,0.0,2.0,1.33,1.3,1.46,0.67,0.33,0.4,0.62,18.0,14.83,15.1,15.46,6.0,4.83,4.8,4.54,10.67,12.0,12.3,12.77,6.67,7.0,6.8,6.77,0.0,0.0,0.0,0.0,2.0,2.17,2.3,2.46
275,Newcastle_Burnley_2019,28,2020-02-29,2019,11,0,0,Draw,0,0,Draw,A Madley,21,8,4,1,11,9,11,7,4,3,0,0,14,7.0,6.0,7.6,8.77,3.33,2.0,2.4,2.62,7.33,10.83,11.6,11.15,2.67,2.67,3.4,3.85,1.33,0.83,1.1,1.08,0.67,0.33,0.3,0.38,2.33,2.0,2.4,2.23,0.0,0.0,0.0,0.0,1.33,1.67,1.7,1.62,1.0,1.0,1.1,0.92,17.33,14.83,15.2,15.31,5.67,4.83,4.5,4.69,8.67,11.0,10.2,10.54,6.33,5.67,6.4,6.23,0.0,0.0,0.0,0.0,0.67,0.83,0.7,0.69
276,Everton_Man United_2019,28,2020-03-01,2019,13,1,1,Draw,1,1,Draw,C Kavanagh,16,14,5,5,11,11,13,8,3,4,0,0,14,9.33,11.67,12.9,12.92,3.67,5.17,5.4,5.15,12.0,11.17,10.9,10.23,5.67,4.83,5.8,5.69,0.67,1.0,1.2,1.08,0.33,0.67,0.6,0.62,2.0,2.0,2.2,2.15,0.0,0.0,0.0,0.0,1.33,1.17,1.3,1.31,1.0,0.5,0.5,0.46,14.33,14.0,13.0,11.85,3.33,3.17,3.8,3.69,9.67,12.0,12.4,12.77,7.0,7.5,6.0,5.31,0.0,0.0,0.0,0.08,2.33,2.83,2.7,2.46
277,Tottenham_Wolves_2019,28,2020-03-01,2019,4,2,3,Winn,2,1,Lost,S Attwell,13,14,5,4,12,14,4,5,3,2,0,0,14,12.67,12.5,13.7,12.85,3.67,3.67,4.4,4.23,11.0,9.5,11.3,11.38,5.33,6.17,6.2,6.08,1.33,1.33,1.4,1.31,0.0,0.33,0.4,0.38,1.33,1.33,1.5,1.69,0.0,0.0,0.0,0.15,1.33,1.33,1.1,1.15,1.0,1.17,0.9,0.85,11.67,11.83,12.1,12.62,4.33,4.5,3.7,3.69,13.0,10.5,9.8,9.23,3.0,3.33,4.5,5.38,0.33,0.17,0.3,0.23,2.67,2.33,2.3,2.0
278,Southampton_Newcastle_2019,29,2020-03-07,2019,9,0,1,Winn,0,0,Draw,G Scott,6,14,3,7,14,15,5,8,0,3,1,0,15,8.67,7.83,8.1,7.86,2.0,1.5,2.7,2.43,10.0,10.17,9.5,8.86,5.0,3.33,3.0,3.0,0.67,0.67,0.9,0.86,0.0,0.33,0.5,0.5,2.33,2.33,1.7,1.64,0.33,0.17,0.1,0.14,2.33,2.17,1.8,2.07,0.67,1.0,0.8,0.86,16.67,14.67,15.0,15.43,8.0,7.0,7.0,6.71,14.33,13.5,12.0,11.14,6.0,5.33,6.9,7.21,0.0,0.0,0.0,0.0,1.67,1.17,1.4,1.29
279,Sheffield United_Norwich_2019,29,2020-03-07,2019,14,1,0,Lost,1,0,Lost,S Hooper,10,12,4,5,12,8,10,5,0,0,0,0,15,12.33,11.83,11.1,10.86,3.33,3.67,3.1,3.14,9.33,10.33,9.9,9.86,5.33,5.0,4.8,4.29,0.33,0.33,0.5,0.43,0.0,0.17,0.1,0.07,1.67,2.0,2.2,1.93,0.0,0.0,0.0,0.0,1.67,1.83,1.5,1.79,1.0,0.83,0.7,1.07,16.0,15.0,15.4,15.36,4.67,4.5,4.6,5.0,11.0,12.83,12.0,12.14,6.33,6.67,6.7,7.0,0.0,0.0,0.0,0.0,1.33,1.0,1.1,1.14
280,Burnley_Tottenham_2019,29,2020-03-07,2019,6,1,1,Draw,1,0,Lost,J Moss,21,13,8,2,16,11,3,5,5,4,0,0,15,15.0,13.33,11.8,10.93,6.0,5.83,5.2,5.0,12.33,10.83,10.7,10.71,5.0,5.33,4.7,4.36,1.33,1.33,1.4,1.36,0.67,0.5,0.7,0.79,1.67,2.67,2.4,2.29,0.0,0.0,0.1,0.07,1.33,1.33,1.5,1.71,0.67,0.67,0.5,0.71,16.67,14.17,13.6,16.07,4.33,3.83,5.0,5.79,13.0,14.33,12.5,12.79,6.0,6.5,5.9,6.79,0.0,0.0,0.0,0.0,1.67,2.5,2.2,2.07
281,Liverpool_Bournemouth_2019,29,2020-03-07,2019,17,2,1,Lost,2,1,Lost,P Tierney,14,6,6,4,10,12,9,4,0,1,0,0,15,9.33,8.67,10.9,10.36,3.0,2.5,3.2,3.07,9.0,10.67,10.4,10.21,4.0,3.33,5.1,5.07,0.33,0.33,0.5,0.79,0.33,0.17,0.2,0.5,2.33,2.17,2.1,2.21,0.33,0.17,0.1,0.07,2.0,2.0,1.8,1.71,0.67,1.0,0.8,0.79,16.0,16.0,14.5,15.5,7.0,6.5,5.8,5.57,9.67,8.17,8.9,9.14,6.33,7.67,6.6,7.0,0.33,0.17,0.2,0.14,2.67,1.67,2.0,1.64
282,Arsenal_West Ham_2019,29,2020-03-07,2019,5,1,0,Lost,0,0,Draw,M Atkinson,9,14,2,6,11,9,6,7,1,2,0,0,15,5.33,7.33,7.0,8.86,2.0,2.33,2.9,3.5,12.0,11.0,11.6,11.21,5.67,5.67,4.7,5.0,1.0,0.83,0.6,0.86,0.33,0.33,0.2,0.29,1.67,1.67,1.8,1.64,0.0,0.0,0.0,0.07,3.0,2.0,1.9,1.64,1.33,0.67,0.8,0.71,21.33,16.83,16.6,16.29,7.33,5.17,6.6,5.93,6.33,7.33,8.4,9.07,9.67,8.0,8.4,7.71,0.0,0.0,0.0,0.0,0.33,0.5,0.8,1.0
283,Wolves_Brighton_2019,29,2020-03-07,2019,18,0,0,Draw,0,0,Draw,A Marriner,11,7,1,1,4,7,2,0,1,3,0,0,15,16.0,13.83,14.1,12.57,5.33,5.5,5.4,4.5,9.0,9.17,10.7,10.36,5.33,4.67,4.9,4.07,1.67,1.17,1.2,1.07,0.33,0.33,0.4,0.36,1.33,1.33,1.6,1.57,0.0,0.0,0.1,0.07,2.33,1.83,1.9,1.79,1.67,1.0,1.1,0.93,12.33,12.17,14.5,14.71,4.0,4.5,5.8,5.79,6.67,7.33,7.6,8.43,7.0,6.17,6.2,6.07,0.0,0.0,0.1,0.07,0.67,1.5,1.5,1.43
284,Crystal Palace_Watford_2019,29,2020-03-07,2019,39,1,0,Lost,1,0,Lost,A Taylor,10,10,3,4,12,19,8,8,4,4,0,0,15,6.67,8.5,8.0,8.57,2.0,2.67,2.4,2.71,15.0,12.0,12.0,11.21,3.33,3.17,3.4,4.0,0.67,1.0,1.0,0.79,0.67,0.67,0.7,0.57,1.67,1.67,1.7,1.86,0.0,0.0,0.1,0.07,2.0,1.5,1.4,1.86,0.33,0.5,0.3,0.79,15.67,14.83,14.1,14.29,5.33,4.5,4.6,4.71,8.67,8.0,7.9,7.5,4.0,5.33,6.6,5.86,0.0,0.0,0.0,0.0,1.33,1.33,1.7,1.64
285,Chelsea_Everton_2019,29,2020-03-08,2019,8,4,0,Lost,2,0,Lost,K Friend,17,3,11,1,8,10,6,1,1,2,0,0,15,13.33,12.83,13.4,12.93,4.33,4.5,4.5,4.0,13.0,12.5,12.5,13.07,4.33,5.33,5.6,5.71,2.0,1.67,1.7,1.29,1.67,1.17,1.2,0.93,2.0,2.33,1.9,2.0,0.33,0.17,0.1,0.21,2.0,1.67,2.1,1.93,1.67,0.83,1.0,0.86,10.67,15.33,13.1,11.86,4.0,5.33,5.0,4.57,13.33,12.33,11.8,11.0,5.67,5.17,4.5,4.64,0.0,0.0,0.0,0.0,1.0,1.0,1.0,1.14
286,Man United_Man City_2019,28,2020-03-08,2019,3,2,0,Lost,1,0,Lost,M Dean,12,7,6,2,11,9,2,11,2,4,0,0,15,18.0,16.17,17.7,18.21,5.67,6.5,6.9,7.14,12.33,14.33,11.3,11.0,8.67,5.67,7.1,6.79,0.67,2.17,2.2,2.5,0.0,1.33,1.2,1.21,2.0,2.0,1.8,1.86,0.33,0.33,0.2,0.14,0.67,1.0,1.2,1.21,0.0,0.0,0.3,0.5,5.67,8.33,7.9,8.07,2.33,2.83,2.9,3.57,11.67,9.33,8.7,8.0,3.33,3.0,2.7,2.86,0.0,0.0,0.0,0.0,2.0,1.5,1.2,1.43
287,Leicester_Aston Villa_2019,28,2020-03-09,2019,21,4,0,Lost,1,0,Lost,M Oliver,15,4,7,1,15,12,9,0,2,1,0,0,15,10.0,10.0,10.2,11.07,3.0,2.83,3.2,4.21,15.0,12.17,10.4,11.5,6.0,4.5,5.1,4.5,0.67,0.67,0.8,1.14,0.0,0.33,0.4,0.57,3.33,2.33,2.0,2.0,0.0,0.0,0.0,0.07,1.67,1.83,2.0,2.0,1.33,0.83,0.8,0.57,18.0,16.83,18.4,19.93,5.67,4.5,5.6,5.64,11.33,12.0,13.3,13.43,4.33,5.0,6.7,8.07,0.33,0.33,0.3,0.29,1.67,1.83,2.2,2.21
