,idGame,nWeekHome,Date,year,IdHomeTeam,FTG_asH,FT_against_H,FT_RESULT,HTG_asH,HT_against_H,HT_RESULT,Referee,Shoot_asH,Shoot_against_H,ShootTarget_asH,ShootTarget_against_H,Fouls_asH,Fouls_against_H,Corner_asH,Corner_against_H,YellowC_asH,YellowC_against_H,RedC_asH,RedC_againts_H,Shoot_asH_last_3,Shoot_asH_last_6,Shoot_asH_last_10,Shoot_asH_last_infinity,ShootTarget_asH_last_3,ShootTarget_asH_last_6,ShootTarget_asH_last_10,ShootTarget_asH_last_infinity,Fouls_asH_last_3,Fouls_asH_last_6,Fouls_asH_last_10,Fouls_asH_last_infinity,Corner_asH_last_3,Corner_asH_last_6,Corner_asH_last_10,Corner_asH_last_infinity,FTG_asH_last_3,FTG_asH_last_6,FTG_asH_last_10,FTG_asH_last_infinity,HTG_asH_last_3,HTG_asH_last_6,HTG_asH_last_10,HTG_asH_last_infinity,YellowC_asH_last_3,YellowC_asH_last_6,YellowC_asH_last_10,YellowC_asH_last_infinity,RedC_asH_last_3,RedC_asH_last_6,RedC_asH_last_10,RedC_asH_last_infinity,FT_against_H_last_3,FT_against_H_last_6,FT_against_H_last_10,FT_against_H_last_infinity,HT_against_H_last_3,HT_against_H_last_6,HT_against_H_last_10,HT_against_H_last_infinity,Shoot_against_H_last_3,Shoot_against_H_last_6,Shoot_against_H_last_10,Shoot_against_H_last_infinity,ShootTarget_against_H_last_3,ShootTarget_against_H_last_6,ShootTarget_against_H_last_10,ShootTarget_against_H_last_infinity,Fouls_against_H_last_3,Fouls_against_H_last_6,Fouls_against_H_last_10,Fouls_against_H_last_infinity,Corner_against_H_last_3,Corner_against_H_last_6,Corner_against_H_last_10,Corner_against_H_last_infinity,RedC_againts_H_last_3,RedC_againts_H_last_6,RedC_againts_H_last_10,RedC_againts_H_last_infinity,YellowC_against_H_last_3,YellowC_against_H_last_6,YellowC_against_H_last_10,YellowC_against_H_last_infinity
0,Liverpool_Norwich_2019,1,2019-08-09,2019,20,4,1,Winn,4,0,Winn,M Oliver,15,12,7,5,9,9,11,2,0,2,0,0,,,,0,,,,0,,,,0,,,,0,,,,0,,,,0,,,,0,,,,0,,,,0,,,,0,,,,0,,,,0,,,,0,,,,0,,,,0,,,,0
1,Crystal Palace_Everton_2019,1,2019-08-10,2019,12,0,0,Draw,0,0,Draw,J Moss,6,10,2,3,16,14,6,2,2,1,0,1,,,,0,,,,0,,,,0,,,,0,,,,0,,,,0,,,,0,,,,0,,,,0,,,,0,,,,0,,,,0,,,,0,,,,0,,,,0,,,,0
2,Burnley_Southampton_2019,1,2019-08-10,2019,8,3,0,Winn,0,0,Draw,G Scott,10,11,4,3,6,12,2,7,0,0,0,0,,,,0,,,,0,,,,0,,,,0,,,,0,,,,0,,,,0,,,,0,,,,0,,,,0,,,,0,,,,0,,,,0,,,,0,,,,0,,,,0
3,West Ham_Man City_2019,1,2019-08-10,2019,37,0,5,Lost,0,1,Lost,M Dean,5,14,3,9,6,13,1,1,2,2,0,0,,,,0,,,,0,,,,0,,,,0,,,,0,,,,0,,,,0,,,,0,,,,0,,,,0,,,,0,,,,0,,,,0,,,,0,,,,0,,,,0
4,Bournemouth_Sheffield United_2019,1,2019-08-10,2019,6,1,1,Draw,0,0,Draw,K Friend,13,8,3,3,10,19,3,4,2,1,0,0,,,,0,,,,0,,,,0,,,,0,,,,0,,,,0,,,,0,,,,0,,,,0,,,,0,,,,0,,,,0,,,,0,,,,0,,,,0,,,,0
5,Watford_Brighton_2019,1,2019-08-10,2019,35,0,3,Lost,0,1,Lost,C Pawson,11,5,3,3,15,11,5,2,0,1,0,0,,,,0,,,,0,,,,0,,,,0,,,,0,,,,0,,,,0,,,,0,,,,0,,,,0,,,,0,,,,0,,,,0,,,,0,,,,0,,,,0
6,Tottenham_Aston Villa_2019,1,2019-08-10,2019,34,3,1,Winn,0,1,Lost,C Kavanagh,31,7,7,4,13,9,14,0,1,0,0,0,,,,0,,,,0,,,,0,,,,0,,,,0,,,,0,,,,0,,,,0,,,,0,,,,0,,,,0,,,,0,,,,0,,,,0,,,,0,,,,0
7,Leicester_Wolves_2019,1,2019-08-11,2019,19,0,0,Draw,0,0,Draw,A Marriner,15,8,1,2,3,13,12,3,0,2,0,0,,,,0,,,,0,,,,0,,,,0,,,,0,,,,0,,,,0,,,,0,,,,0,,,,0,,,,0,,,,0,,,,0,,,,0,,,,0,,,,0
8,Man United_Chelsea_2019,1,2019-08-11,2019,22,4,0,Winn,1,0,Winn,A Taylor,11,18,5,7,15,13,3,5,3,4,0,0,,,,0,,,,0,,,,0,,,,0,,,,0,,,,0,,,,0,,,,0,,,,0,,,,0,,,,0,,,,0,,,,0,,,,0,,,,0,,,,0
9,Newcastle_Arsenal_2019,1,2019-08-11,2019,24,0,1,Lost,0,0,Draw,M Atkinson,9,8,2,2,12,7,5,3,1,3,0,0,,,,0,,,,0,,,,0,,,,0,,,,0,,,,0,,,,0,,,,0,,,,0,,,,0,,,,0,,,,0,,,,0,,,,0,,,,0,,,,0
10,Arsenal_Burnley_2019,1,2019-08-17,2019,0,2,1,Winn,1,1,Draw,M Dean,16,18,9,5,13,11,10,7,2,1,0,0,,,,0,,,,0,,,,0,,,,0,,,,0,,,,0,,,,0,,,,0,,,,0,,,,0,,,,0,,,,0,,,,0,,,,0,,,,0,,,,0
11,Man City_Tottenham_2019,1,2019-08-17,2019,21,2,2,Draw,2,1,Winn,M Oliver,30,3,10,2,14,4,13,2,1,0,0,0,,,,0,,,,0,,,,0,,,,0,,,,0,,,,0,,,,0,,,,0,,,,0,,,,0,,,,0,,,,0,,,,0,,,,0,,,,0,,,,0
12,Norwich_Newcastle_2019,1,2019-08-17,2019,25,3,1,Winn,1,0,Winn,S Attwell,15,10,8,3,9,11,7,5,1,3,0,0,,,,0,,,,0,,,,0,,,,0,,,,0,,,,0,,,,0,,,,0,,,,0,,,,0,,,,0,,,,0,,,,0,,,,0,,,,0,,,,0
13,Brighton_West Ham_2019,1,2019-08-17,2019,7,1,1,Draw,0,0,Draw,A Taylor,16,8,4,3,11,10,8,6,0,2,0,0,,,,0,,,,0,,,,0,,,,0,,,,0,,,,0,,,,0,,,,0,,,,0,,,,0,,,,0,,,,0,,,,0,,,,0,,,,0,,,,0
14,Southampton_Liverpool_2019,1,2019-08-17,2019,30,1,2,Lost,0,1,Lost,A Marriner,14,15,3,6,10,6,5,9,2,1,0,0,,,,0,,,,0,,,,0,,,,0,,,,0,,,,0,,,,0,,,,0,,,,0,,,,0,,,,0,,,,0,,,,0,,,,0,,,,0,,,,0
15,Everton_Watford_2019,1,2019-08-17,2019,14,1,0,Winn,1,0,Winn,L Mason,12,8,2,2,11,11,4,7,2,3,0,0,,,,0,,,,0,,,,0,,,,0,,,,0,,,,0,,,,0,,,,0,,,,0,,,,0,,,,0,,,,0,,,,0,,,,0,,,,0,,,,0
16,Aston Villa_Bournemouth_2019,1,2019-08-17,2019,1,1,2,Lost,0,2,Lost,M Atkinson,22,12,7,4,10,13,10,5,0,2,0,0,,,,0,,,,0,,,,0,,,,0,,,,0,,,,0,,,,0,,,,0,,,,0,,,,0,,,,0,,,,0,,,,0,,,,0,,,,0,,,,0
17,Sheffield United_Crystal Palace_2019,1,2019-08-18,2019,29,1,0,Winn,0,0,Draw,D Coote,15,6,3,4,16,11,8,4,3,1,0,0,,,,0,,,,0,,,,0,,,,0,,,,0,,,,0,,,,0,,,,0,,,,0,,,,0,,,,0,,,,0,,,,0,,,,0,,,,0,,,,0
18,Chelsea_Leicester_2019,1,2019-08-18,2019,11,1,1,Draw,1,0,Winn,O Langford,14,12,5,3,9,14,4,5,1,0,0,0,,,,0,,,,0,,,,0,,,,0,,,,0,,,,0,,,,0,,,,0,,,,0,,,,0,,,,0,,,,0,,,,0,,,,0,,,,0,,,,0
19,Wolves_Man United_2019,1,2019-08-19,2019,39,1,1,Draw,0,1,Lost,J Moss,6,9,2,2,17,8,4,6,2,2,0,0,,,,0,,,,0,,,,0,,,,0,,,,0,,,,0,,,,0,,,,0,,,,0,,,,0,,,,0,,,,0,,,,0,,,,0,,,,0,,,,0
20,Aston Villa_Everton_2019,2,2019-08-23,2019,1,2,0,Winn,1,0,Winn,M Oliver,7,12,3,1,10,18,0,6,2,3,0,0,,,,22,,,,7,,,,10,,,,10,,,,1,,,,0,,,,0,,,,0,,,,2,,,,2,,,,12,,,,4,,,,13,,,,5,,,,0,,,,2
21,Brighton_Southampton_2019,2,2019-08-24,2019,7,0,2,Lost,0,0,Draw,K Friend,12,12,3,4,9,10,8,5,1,3,1,0,,,,16,,,,4,,,,11,,,,8,,,,1,,,,0,,,,0,,,,0,,,,1,,,,0,,,,8,,,,3,,,,10,,,,6,,,,0,,,,2
22,Norwich_Chelsea_2019,2,2019-08-24,2019,25,2,3,Lost,2,2,Draw,M Atkinson,6,23,5,8,9,9,1,8,1,1,0,0,,,,15,,,,8,,,,9,,,,7,,,,3,,,,1,,,,1,,,,0,,,,1,,,,0,,,,10,,,,3,,,,11,,,,5,,,,0,,,,3
23,Watford_West Ham_2019,2,2019-08-24,2019,35,1,3,Lost,1,1,Draw,C Kavanagh,23,16,3,10,12,11,8,7,1,1,0,0,,,,11,,,,3,,,,15,,,,5,,,,0,,,,0,,,,0,,,,0,,,,3,,,,1,,,,5,,,,3,,,,11,,,,2,,,,0,,,,1
24,Sheffield United_Leicester_2019,2,2019-08-24,2019,29,1,2,Lost,0,1,Lost,A Madley,8,10,3,2,11,6,7,4,1,0,0,0,,,,15,,,,3,,,,16,,,,8,,,,1,,,,0,,,,3,,,,0,,,,0,,,,0,,,,6,,,,4,,,,11,,,,4,,,,0,,,,1
25,Liverpool_Arsenal_2019,2,2019-08-24,2019,20,3,1,Winn,1,0,Winn,A Taylor,25,9,5,3,8,5,6,4,1,1,0,0,,,,15,,,,7,,,,9,,,,11,,,,4,,,,4,,,,0,,,,0,,,,1,,,,0,,,,12,,,,5,,,,9,,,,2,,,,0,,,,2
26,Man United_Crystal Palace_2019,2,2019-08-24,2019,22,1,2,Lost,0,1,Lost,P Tierney,22,5,3,3,8,18,8,1,2,4,0,0,,,,11,,,,5,,,,15,,,,3,,,,4,,,,1,,,,3,,,,0,,,,0,,,,0,,,,18,,,,7,,,,13,,,,5,,,,0,,,,4
27,Tottenham_Newcastle_2019,2,2019-08-25,2019,34,0,1,Lost,0,1,Lost,M Dean,17,8,2,3,10,5,6,6,2,2,0,0,,,,31,,,,7,,,,13,,,,14,,,,3,,,,0,,,,1,,,,0,,,,1,,,,1,,,,7,,,,4,,,,9,,,,0,,,,0,,,,0
28,Bournemouth_Man City_2019,2,2019-08-25,2019,6,1,3,Lost,1,2,Lost,A Marriner,10,19,7,5,7,13,4,5,1,3,0,0,,,,13,,,,3,,,,10,,,,3,,,,1,,,,0,,,,2,,,,0,,,,1,,,,0,,,,8,,,,3,,,,19,,,,4,,,,0,,,,1
29,Wolves_Burnley_2019,2,2019-08-25,2019,39,1,1,Draw,0,1,Lost,C Pawson,17,13,2,4,9,11,4,3,0,2,0,0,,,,6,,,,2,,,,17,,,,4,,,,1,,,,0,,,,2,,,,0,,,,1,,,,1,,,,9,,,,2,,,,8,,,,6,,,,0,,,,2
30,Chelsea_Sheffield United_2019,2,2019-08-31,2019,11,2,2,Draw,2,0,Winn,S Attwell,13,8,5,2,6,11,3,4,0,1,0,0,,,,14,,,,5,,,,9,,,,4,,,,1,,,,1,,,,1,,,,0,,,,1,,,,0,,,,12,,,,3,,,,14,,,,5,,,,0,,,,0
31,Newcastle_Watford_2019,2,2019-08-31,2019,24,1,1,Draw,1,1,Draw,G Scott,13,13,5,3,5,11,6,5,2,3,0,0,,,,9,,,,2,,,,12,,,,5,,,,0,,,,0,,,,1,,,,0,,,,1,,,,0,,,,8,,,,2,,,,7,,,,3,,,,0,,,,3
32,Man City_Brighton_2019,2,2019-08-31,2019,21,4,0,Winn,2,0,Winn,J Moss,15,6,6,2,10,6,8,1,1,1,0,0,,,,30,,,,10,,,,14,,,,13,,,,2,,,,2,,,,1,,,,0,,,,2,,,,1,,,,3,,,,2,,,,4,,,,2,,,,0,,,,0
33,Crystal Palace_Aston Villa_2019,2,2019-08-31,2019,12,1,0,Winn,0,0,Draw,K Friend,22,10,5,2,15,16,13,2,2,4,0,1,,,,6,,,,2,,,,16,,,,6,,,,0,,,,0,,,,2,,,,0,,,,0,,,,0,,,,10,,,,3,,,,14,,,,2,,,,1,,,,1
34,Leicester_Bournemouth_2019,2,2019-08-31,2019,19,3,1,Winn,2,1,Winn,P Bankes,13,8,5,2,9,11,4,5,1,3,0,0,,,,15,,,,1,,,,3,,,,12,,,,0,,,,0,,,,0,,,,0,,,,0,,,,0,,,,8,,,,2,,,,13,,,,3,,,,0,,,,2
35,Burnley_Liverpool_2019,2,2019-08-31,2019,8,0,3,Lost,0,2,Lost,C Kavanagh,7,15,2,7,10,16,6,4,0,0,0,0,,,,10,,,,4,,,,6,,,,2,,,,3,,,,0,,,,0,,,,0,,,,0,,,,0,,,,11,,,,3,,,,12,,,,7,,,,0,,,,0
36,West Ham_Norwich_2019,2,2019-08-31,2019,37,2,0,Winn,1,0,Winn,P Tierney,18,8,8,3,16,10,8,2,2,1,0,0,,,,5,,,,3,,,,6,,,,1,,,,0,,,,0,,,,2,,,,0,,,,5,,,,1,,,,14,,,,9,,,,13,,,,1,,,,0,,,,2
37,Southampton_Man United_2019,2,2019-08-31,2019,30,1,1,Draw,0,1,Lost,M Dean,10,21,2,8,17,7,2,3,1,2,1,0,,,,14,,,,3,,,,10,,,,5,,,,1,,,,0,,,,2,,,,0,,,,2,,,,1,,,,15,,,,6,,,,6,,,,9,,,,0,,,,1
38,Arsenal_Tottenham_2019,2,2019-09-01,2019,0,2,2,Draw,1,2,Lost,M Atkinson,26,13,8,9,13,19,11,6,3,5,0,0,,,,16,,,,9,,,,13,,,,10,,,,2,,,,1,,,,2,,,,0,,,,1,,,,1,,,,18,,,,5,,,,11,,,,7,,,,0,,,,1
39,Everton_Wolves_2019,2,2019-09-01,2019,14,3,2,Winn,2,1,Winn,A Taylor,15,8,6,5,12,12,7,7,1,4,0,1,,,,12,,,,2,,,,11,,,,4,,,,1,,,,1,,,,2,,,,0,,,,0,,,,0,,,,8,,,,2,,,,11,,,,7,,,,0,,,,3
40,Sheffield United_Southampton_2019,3,2019-09-14,2019,29,0,1,Lost,0,0,Draw,L Mason,17,11,4,7,10,7,12,6,1,1,1,0,,,,23,,,,6,,,,27,,,,15,,,,2,,,,0,,,,4,,,,0,,,,2,,,,1,,,,16,,,,6,,,,17,,,,8,,,,0,,,,1
41,Liverpool_Newcastle_2019,3,2019-09-14,2019,20,3,1,Winn,2,1,Winn,A Marriner,21,8,9,1,5,4,10,1,0,0,0,0,,,,40,,,,12,,,,17,,,,17,,,,7,,,,5,,,,1,,,,0,,,,2,,,,0,,,,21,,,,8,,,,14,,,,6,,,,0,,,,3
42,Tottenham_Crystal Palace_2019,3,2019-09-14,2019,34,4,0,Winn,4,0,Winn,C Pawson,13,11,5,6,19,11,4,3,4,2,0,0,,,,48,,,,9,,,,23,,,,20,,,,3,,,,0,,,,3,,,,0,,,,2,,,,2,,,,15,,,,7,,,,14,,,,6,,,,0,,,,2
43,Man United_Leicester_2019,3,2019-09-14,2019,22,1,0,Winn,1,0,Winn,M Atkinson,10,9,5,3,14,14,3,9,1,2,0,0,,,,33,,,,8,,,,23,,,,11,,,,5,,,,1,,,,5,,,,0,,,,2,,,,1,,,,23,,,,10,,,,31,,,,6,,,,0,,,,8
44,Wolves_Chelsea_2019,3,2019-09-14,2019,39,2,5,Lost,0,3,Lost,G Scott,11,15,4,6,8,11,7,5,1,2,0,0,,,,23,,,,4,,,,26,,,,8,,,,2,,,,0,,,,2,,,,0,,,,2,,,,2,,,,22,,,,6,,,,19,,,,9,,,,0,,,,4
45,Norwich_Man City_2019,3,2019-09-14,2019,25,3,2,Winn,2,1,Winn,K Friend,7,25,3,8,8,7,3,16,3,1,0,0,,,,21,,,,13,,,,18,,,,8,,,,5,,,,3,,,,2,,,,0,,,,4,,,,2,,,,33,,,,11,,,,20,,,,13,,,,0,,,,4
46,Brighton_Burnley_2019,3,2019-09-14,2019,7,1,1,Draw,0,0,Draw,M Oliver,14,7,5,1,13,7,3,6,0,2,0,0,,,,28,,,,7,,,,20,,,,16,,,,1,,,,0,,,,1,,,,1,,,,3,,,,0,,,,20,,,,7,,,,20,,,,11,,,,0,,,,5
47,Watford_Arsenal_2019,3,2019-09-15,2019,35,2,2,Draw,0,2,Lost,A Taylor,31,10,7,4,14,4,7,1,3,3,0,0,,,,34,,,,6,,,,27,,,,13,,,,1,,,,1,,,,1,,,,0,,,,6,,,,2,,,,21,,,,13,,,,22,,,,9,,,,0,,,,2
48,Bournemouth_Everton_2019,3,2019-09-15,2019,6,3,1,Winn,1,1,Draw,P Tierney,13,14,6,5,5,14,7,7,0,4,0,0,,,,23,,,,10,,,,17,,,,7,,,,2,,,,1,,,,3,,,,0,,,,4,,,,2,,,,27,,,,8,,,,32,,,,9,,,,0,,,,4
49,Aston Villa_West Ham_2019,3,2019-09-16,2019,1,0,0,Draw,0,0,Draw,M Dean,10,13,5,1,13,12,2,4,2,1,0,1,,,,29,,,,10,,,,20,,,,10,,,,3,,,,1,,,,2,,,,0,,,,2,,,,2,,,,24,,,,5,,,,31,,,,11,,,,0,,,,5
50,Southampton_Bournemouth_2019,3,2019-09-20,2019,30,1,3,Lost,0,2,Lost,C Kavanagh,25,6,6,3,8,9,4,5,1,3,0,0,,,,24,,,,5,,,,27,,,,7,,,,2,,,,0,,,,3,,,,1,,,,3,,,,2,,,,36,,,,14,,,,13,,,,12,,,,0,,,,3
51,Burnley_Norwich_2019,3,2019-09-21,2019,8,2,0,Winn,2,0,Winn,D Coote,13,11,6,2,11,10,7,3,0,1,0,0,,,,17,,,,6,,,,16,,,,8,,,,3,,,,0,,,,0,,,,0,,,,3,,,,2,,,,26,,,,10,,,,28,,,,11,,,,0,,,,0
52,Leicester_Tottenham_2019,3,2019-09-21,2019,19,2,1,Winn,0,1,Lost,P Tierney,16,11,7,4,16,13,8,2,1,2,0,0,,,,28,,,,6,,,,12,,,,16,,,,3,,,,2,,,,1,,,,0,,,,1,,,,1,,,,16,,,,4,,,,24,,,,8,,,,0,,,,5
53,Newcastle_Brighton_2019,3,2019-09-21,2019,24,0,0,Draw,0,0,Draw,M Atkinson,11,16,4,3,12,8,5,3,2,1,0,0,,,,22,,,,7,,,,17,,,,11,,,,1,,,,1,,,,3,,,,0,,,,2,,,,1,,,,21,,,,5,,,,18,,,,8,,,,0,,,,6
54,Man City_Watford_2019,3,2019-09-21,2019,21,8,0,Winn,5,0,Winn,M Dean,28,5,11,4,5,9,5,4,2,2,0,0,,,,45,,,,16,,,,24,,,,21,,,,6,,,,4,,,,2,,,,0,,,,2,,,,1,,,,9,,,,4,,,,10,,,,3,,,,0,,,,1
55,Everton_Sheffield United_2019,3,2019-09-21,2019,14,0,2,Lost,0,1,Lost,S Hooper,16,2,3,1,9,9,12,3,1,3,0,0,,,,27,,,,8,,,,23,,,,11,,,,4,,,,3,,,,3,,,,0,,,,2,,,,1,,,,16,,,,7,,,,23,,,,14,,,,1,,,,7
56,Arsenal_Aston Villa_2019,3,2019-09-22,2019,0,3,2,Winn,0,1,Lost,J Moss,21,14,6,9,13,15,9,4,5,1,1,0,,,,42,,,,17,,,,26,,,,21,,,,4,,,,2,,,,5,,,,0,,,,3,,,,3,,,,31,,,,14,,,,30,,,,13,,,,0,,,,6
57,West Ham_Man United_2019,3,2019-09-22,2019,37,2,0,Winn,1,0,Winn,A Taylor,8,9,6,3,8,9,3,7,2,2,0,0,,,,23,,,,11,,,,22,,,,9,,,,2,,,,1,,,,4,,,,0,,,,5,,,,1,,,,22,,,,12,,,,23,,,,3,,,,0,,,,3
58,Chelsea_Liverpool_2019,3,2019-09-22,2019,11,1,2,Lost,0,2,Lost,M Oliver,13,6,2,3,8,13,6,4,3,3,0,0,,,,27,,,,10,,,,15,,,,7,,,,3,,,,3,,,,1,,,,0,,,,3,,,,0,,,,20,,,,5,,,,25,,,,9,,,,0,,,,1
59,Crystal Palace_Wolves_2019,3,2019-09-22,2019,12,1,1,Draw,0,0,Draw,S Attwell,13,14,4,4,7,10,6,7,2,1,0,1,,,,28,,,,7,,,,31,,,,19,,,,1,,,,0,,,,4,,,,0,,,,0,,,,0,,,,20,,,,5,,,,30,,,,4,,,,2,,,,5
60,Everton_Man City_2019,4,2019-09-28,2019,14,1,3,Lost,1,1,Draw,M Oliver,12,20,8,9,4,8,5,2,2,2,0,0,43.0,,,43,11.0,,,11,32.0,,,32,23.0,,,23,4.0,,,4,3.0,,,3,4.0,,,4,0.0,,,0,4.0,,,4,2.0,,,2,18.0,,,18,8.0,,,8,32.0,,,32,17.0,,,17,1.0,,,1,10.0,,,10
61,Bournemouth_West Ham_2019,4,2019-09-28,2019,6,2,2,Draw,1,1,Draw,S Attwell,13,17,5,6,7,8,6,6,3,1,0,0,36.0,,,36,16.0,,,16,22.0,,,22,14.0,,,14,5.0,,,5,2.0,,,2,3.0,,,3,0.0,,,0,5.0,,,5,3.0,,,3,41.0,,,41,13.0,,,13,46.0,,,46,16.0,,,16,0.0,,,0,8.0,,,8
62,Aston Villa_Burnley_2019,4,2019-09-28,2019,1,2,2,Draw,1,0,Winn,L Mason,16,10,3,3,10,16,7,3,1,4,0,0,39.0,,,39,15.0,,,15,33.0,,,33,12.0,,,12,3.0,,,3,1.0,,,1,4.0,,,4,0.0,,,0,2.0,,,2,2.0,,,2,37.0,,,37,6.0,,,6,43.0,,,43,15.0,,,15,1.0,,,1,6.0,,,6
63,Tottenham_Southampton_2019,4,2019-09-28,2019,34,2,1,Winn,2,1,Winn,G Scott,9,14,4,6,5,16,6,6,0,2,1,0,61.0,,,61,14.0,,,14,42.0,,,42,24.0,,,24,7.0,,,7,4.0,,,4,7.0,,,7,0.0,,,0,2.0,,,2,2.0,,,2,26.0,,,26,13.0,,,13,25.0,,,25,9.0,,,9,0.0,,,0,4.0,,,4
64,Wolves_Watford_2019,4,2019-09-28,2019,39,2,0,Winn,1,0,Winn,P Tierney,6,14,2,5,5,6,1,6,0,1,0,0,34.0,,,34,8.0,,,8,34.0,,,34,15.0,,,15,4.0,,,4,0.0,,,0,3.0,,,3,0.0,,,0,7.0,,,7,5.0,,,5,37.0,,,37,12.0,,,12,30.0,,,30,14.0,,,14,0.0,,,0,6.0,,,6
65,Chelsea_Brighton_2019,4,2019-09-28,2019,11,2,0,Winn,0,0,Draw,C Kavanagh,24,8,10,1,5,13,5,2,2,3,0,0,40.0,,,40,12.0,,,12,23.0,,,23,13.0,,,13,4.0,,,4,3.0,,,3,4.0,,,4,0.0,,,0,5.0,,,5,2.0,,,2,26.0,,,26,8.0,,,8,38.0,,,38,13.0,,,13,0.0,,,0,4.0,,,4
66,Crystal Palace_Norwich_2019,4,2019-09-28,2019,12,2,0,Winn,1,0,Winn,J Moss,15,10,3,3,14,10,5,5,3,1,0,0,41.0,,,41,11.0,,,11,38.0,,,38,25.0,,,25,2.0,,,2,0.0,,,0,6.0,,,6,0.0,,,0,1.0,,,1,0.0,,,0,34.0,,,34,9.0,,,9,40.0,,,40,11.0,,,11,3.0,,,3,6.0,,,6
67,Sheffield United_Liverpool_2019,4,2019-09-28,2019,29,0,1,Lost,0,0,Draw,A Taylor,12,16,2,4,8,4,6,5,1,1,0,0,40.0,,,40,10.0,,,10,37.0,,,37,27.0,,,27,2.0,,,2,0.0,,,0,5.0,,,5,1.0,,,1,3.0,,,3,1.0,,,1,27.0,,,27,13.0,,,13,24.0,,,24,14.0,,,14,0.0,,,0,2.0,,,2
68,Leicester_Newcastle_2019,4,2019-09-29,2019,19,5,0,Winn,1,0,Winn,C Pawson,13,3,5,0,12,9,9,0,1,1,0,1,44.0,,,44,13.0,,,13,28.0,,,28,24.0,,,24,5.0,,,5,2.0,,,2,2.0,,,2,0.0,,,0,2.0,,,2,2.0,,,2,27.0,,,27,8.0,,,8,37.0,,,37,10.0,,,10,0.0,,,0,7.0,,,7
69,Man United_Arsenal_2019,4,2019-09-30,2019,22,1,1,Draw,1,0,Winn,K Friend,16,10,4,5,18,13,8,7,4,2,0,0,43.0,,,43,13.0,,,13,37.0,,,37,14.0,,,14,6.0,,,6,2.0,,,2,6.0,,,6,0.0,,,0,2.0,,,2,1.0,,,1,32.0,,,32,13.0,,,13,45.0,,,45,15.0,,,15,0.0,,,0,10.0,,,10
70,Liverpool_Leicester_2019,4,2019-10-05,2019,20,2,1,Winn,1,0,Winn,C Kavanagh,18,2,8,1,9,17,4,6,1,4,0,0,61.0,,,61,21.0,,,21,22.0,,,22,27.0,,,27,10.0,,,10,7.0,,,7,1.0,,,1,0.0,,,0,3.0,,,3,1.0,,,1,29.0,,,29,9.0,,,9,18.0,,,18,7.0,,,7,0.0,,,0,3.0,,,3
71,West Ham_Crystal Palace_2019,4,2019-10-05,2019,37,1,2,Lost,0,0,Draw,M Oliver,9,7,4,4,11,7,2,2,3,2,0,0,31.0,,,31,17.0,,,17,30.0,,,30,12.0,,,12,4.0,,,4,2.0,,,2,6.0,,,6,0.0,,,0,5.0,,,5,1.0,,,1,31.0,,,31,15.0,,,15,32.0,,,32,10.0,,,10,0.0,,,0,5.0,,,5
72,Burnley_Everton_2019,4,2019-10-05,2019,8,1,0,Winn,0,0,Draw,G Scott,9,11,3,2,5,12,7,9,2,1,0,1,30.0,,,30,12.0,,,12,27.0,,,27,15.0,,,15,5.0,,,5,2.0,,,2,0.0,,,0,0.0,,,0,3.0,,,3,2.0,,,2,37.0,,,37,12.0,,,12,38.0,,,38,14.0,,,14,0.0,,,0,1.0,,,1
73,Watford_Sheffield United_2019,4,2019-10-05,2019,35,0,0,Draw,0,0,Draw,A Marriner,8,9,2,3,7,6,7,7,0,2,0,0,65.0,,,65,13.0,,,13,41.0,,,41,20.0,,,20,3.0,,,3,1.0,,,1,4.0,,,4,0.0,,,0,8.0,,,8,4.0,,,4,31.0,,,31,17.0,,,17,26.0,,,26,10.0,,,10,0.0,,,0,5.0,,,5
74,Norwich_Aston Villa_2019,4,2019-10-05,2019,25,1,5,Lost,0,2,Lost,A Madley,21,22,5,12,14,17,10,6,1,3,0,0,28.0,,,28,16.0,,,16,26.0,,,26,11.0,,,11,8.0,,,8,5.0,,,5,5.0,,,5,0.0,,,0,6.0,,,6,3.0,,,3,58.0,,,58,19.0,,,19,27.0,,,27,29.0,,,29,0.0,,,0,5.0,,,5
75,Brighton_Tottenham_2019,4,2019-10-05,2019,7,3,0,Winn,2,0,Winn,J Moss,17,8,6,3,11,7,4,4,2,1,0,0,42.0,,,42,12.0,,,12,33.0,,,33,19.0,,,19,2.0,,,2,0.0,,,0,1.0,,,1,1.0,,,1,4.0,,,4,0.0,,,0,27.0,,,27,8.0,,,8,27.0,,,27,17.0,,,17,0.0,,,0,7.0,,,7
76,Man City_Wolves_2019,4,2019-10-06,2019,21,0,2,Lost,0,0,Draw,C Pawson,18,7,2,2,11,14,9,1,5,2,0,0,73.0,,,73,27.0,,,27,29.0,,,29,26.0,,,26,14.0,,,14,9.0,,,9,4.0,,,4,0.0,,,0,2.0,,,2,1.0,,,1,14.0,,,14,8.0,,,8,19.0,,,19,7.0,,,7,0.0,,,0,3.0,,,3
77,Southampton_Chelsea_2019,4,2019-10-06,2019,30,1,4,Lost,1,3,Lost,P Tierney,10,13,3,7,8,15,3,4,0,1,0,0,49.0,,,49,11.0,,,11,35.0,,,35,11.0,,,11,3.0,,,3,0.0,,,0,4.0,,,4,1.0,,,1,6.0,,,6,4.0,,,4,42.0,,,42,17.0,,,17,22.0,,,22,17.0,,,17,0.0,,,0,6.0,,,6
78,Newcastle_Man United_2019,4,2019-10-06,2019,24,1,0,Winn,0,0,Draw,M Dean,12,12,2,3,12,10,4,6,3,3,0,0,33.0,,,33,11.0,,,11,29.0,,,29,16.0,,,16,1.0,,,1,1.0,,,1,5.0,,,5,0.0,,,0,2.0,,,2,1.0,,,1,37.0,,,37,8.0,,,8,26.0,,,26,11.0,,,11,0.0,,,0,7.0,,,7
79,Arsenal_Bournemouth_2019,4,2019-10-06,2019,0,1,0,Winn,1,0,Winn,M Atkinson,12,10,2,2,12,6,14,5,1,2,0,0,63.0,,,63,23.0,,,23,39.0,,,39,30.0,,,30,7.0,,,7,2.0,,,2,10.0,,,10,1.0,,,1,5.0,,,5,4.0,,,4,45.0,,,45,23.0,,,23,45.0,,,45,17.0,,,17,0.0,,,0,7.0,,,7
80,Crystal Palace_Man City_2019,5,2019-10-19,2019,12,0,2,Lost,0,2,Lost,A Taylor,7,21,2,10,8,10,1,8,1,1,0,0,50.0,,,56,12.0,,,14,36.0,,,52,24.0,,,30,4.0,,,4,1.0,,,1,7.0,,,9,0.0,,,0,1.0,,,1,0.0,,,0,34.0,,,44,9.0,,,12,36.0,,,50,14.0,,,16,2.0,,,3,6.0,,,7
81,Leicester_Burnley_2019,5,2019-10-19,2019,19,2,1,Winn,1,1,Draw,J Moss,19,13,3,4,4,10,9,4,0,3,0,0,42.0,,,57,17.0,,,18,37.0,,,40,21.0,,,33,10.0,,,10,3.0,,,3,3.0,,,3,0.0,,,0,2.0,,,2,2.0,,,2,22.0,,,30,6.0,,,8,33.0,,,46,7.0,,,10,1.0,,,1,6.0,,,8
82,Everton_West Ham_2019,5,2019-10-19,2019,14,2,0,Winn,1,0,Winn,P Tierney,19,8,10,4,15,15,11,2,2,2,0,0,43.0,,,55,17.0,,,19,25.0,,,36,24.0,,,28,4.0,,,5,3.0,,,4,4.0,,,6,0.0,,,0,7.0,,,7,3.0,,,3,30.0,,,38,15.0,,,17,29.0,,,40,12.0,,,19,1.0,,,1,9.0,,,12
83,Tottenham_Watford_2019,5,2019-10-19,2019,34,1,1,Draw,0,1,Lost,C Kavanagh,12,7,2,2,5,9,11,2,4,3,0,0,39.0,,,70,11.0,,,18,34.0,,,47,16.0,,,30,6.0,,,9,6.0,,,6,6.0,,,7,1.0,,,1,2.0,,,3,2.0,,,3,33.0,,,40,15.0,,,19,32.0,,,41,15.0,,,15,0.0,,,0,6.0,,,6
84,Wolves_Southampton_2019,5,2019-10-19,2019,39,1,1,Draw,0,0,Draw,P Bankes,4,14,1,5,10,17,1,3,3,2,0,0,34.0,,,40,8.0,,,10,22.0,,,39,12.0,,,16,5.0,,,6,1.0,,,1,1.0,,,3,0.0,,,0,6.0,,,7,4.0,,,5,42.0,,,51,15.0,,,17,28.0,,,36,14.0,,,20,0.0,,,0,5.0,,,7
85,Chelsea_Newcastle_2019,5,2019-10-19,2019,11,1,0,Winn,0,0,Draw,A Marriner,16,5,8,0,9,12,11,0,2,1,0,0,50.0,,,64,17.0,,,22,19.0,,,28,14.0,,,18,5.0,,,6,2.0,,,3,5.0,,,6,0.0,,,0,4.0,,,5,2.0,,,2,22.0,,,34,6.0,,,9,37.0,,,51,10.0,,,15,0.0,,,0,7.0,,,7
86,Bournemouth_Norwich_2019,5,2019-10-19,2019,6,0,0,Draw,0,0,Draw,L Mason,11,10,2,1,8,11,6,7,1,3,0,0,36.0,,,49,18.0,,,21,19.0,,,29,17.0,,,20,6.0,,,7,3.0,,,3,4.0,,,6,0.0,,,0,6.0,,,7,4.0,,,4,50.0,,,58,16.0,,,19,35.0,,,54,18.0,,,22,0.0,,,0,8.0,,,9
87,Aston Villa_Brighton_2019,5,2019-10-19,2019,1,2,1,Winn,1,1,Draw,D Coote,24,20,8,5,9,17,7,5,1,2,0,1,33.0,,,55,11.0,,,18,33.0,,,43,9.0,,,19,4.0,,,5,2.0,,,2,5.0,,,5,0.0,,,0,2.0,,,4,0.0,,,2,35.0,,,47,5.0,,,9,46.0,,,59,13.0,,,18,1.0,,,1,8.0,,,10
88,Man United_Liverpool_2019,5,2019-10-20,2019,22,1,1,Draw,1,0,Winn,M Atkinson,7,10,2,4,6,14,3,1,0,1,0,0,48.0,,,59,12.0,,,17,40.0,,,55,19.0,,,22,3.0,,,7,2.0,,,3,7.0,,,10,0.0,,,0,3.0,,,3,1.0,,,1,24.0,,,42,11.0,,,18,45.0,,,58,17.0,,,22,0.0,,,0,8.0,,,12
89,Sheffield United_Arsenal_2019,5,2019-10-21,2019,29,1,0,Winn,1,0,Winn,M Dean,8,9,2,3,10,12,7,12,4,4,0,0,37.0,,,52,9.0,,,12,29.0,,,45,25.0,,,33,1.0,,,2,0.0,,,0,3.0,,,6,1.0,,,1,4.0,,,4,1.0,,,1,37.0,,,43,13.0,,,17,17.0,,,28,15.0,,,19,0.0,,,0,2.0,,,3
90,Southampton_Leicester_2019,5,2019-10-25,2019,30,0,9,Lost,0,5,Lost,A Marriner,6,25,3,15,3,12,2,7,0,0,1,0,45.0,,,59,11.0,,,14,33.0,,,43,9.0,,,14,3.0,,,4,1.0,,,1,2.0,,,4,1.0,,,1,8.0,,,10,6.0,,,7,40.0,,,55,18.0,,,24,31.0,,,37,12.0,,,21,0.0,,,0,6.0,,,7
91,West Ham_Sheffield United_2019,5,2019-10-26,2019,37,1,1,Draw,1,0,Winn,D Coote,12,10,4,4,7,10,10,4,2,2,0,0,35.0,,,40,18.0,,,21,35.0,,,41,13.0,,,14,5.0,,,5,2.0,,,2,7.0,,,9,0.0,,,0,2.0,,,7,0.0,,,1,24.0,,,38,10.0,,,19,26.0,,,39,11.0,,,12,0.0,,,0,5.0,,,7
92,Man City_Aston Villa_2019,5,2019-10-26,2019,21,3,0,Winn,0,0,Draw,G Scott,25,11,9,5,10,5,13,7,1,1,1,0,61.0,,,91,19.0,,,29,26.0,,,40,22.0,,,35,12.0,,,14,7.0,,,9,8.0,,,9,0.0,,,0,2.0,,,4,0.0,,,1,18.0,,,21,8.0,,,10,29.0,,,33,6.0,,,8,0.0,,,0,5.0,,,5
93,Burnley_Chelsea_2019,5,2019-10-26,2019,8,2,4,Lost,0,2,Lost,M Oliver,13,16,5,7,7,8,5,6,3,2,0,0,29.0,,,39,11.0,,,15,26.0,,,32,20.0,,,22,3.0,,,6,2.0,,,2,2.0,,,2,0.0,,,0,3.0,,,3,2.0,,,2,37.0,,,48,11.0,,,14,38.0,,,50,16.0,,,23,1.0,,,1,2.0,,,2
94,Watford_Bournemouth_2019,5,2019-10-26,2019,35,0,0,Draw,0,0,Draw,M Dean,7,15,3,5,14,8,5,10,5,3,0,0,62.0,,,73,12.0,,,15,33.0,,,48,22.0,,,27,3.0,,,3,1.0,,,1,4.0,,,4,0.0,,,0,5.0,,,8,3.0,,,4,35.0,,,40,17.0,,,20,21.0,,,32,15.0,,,17,0.0,,,0,6.0,,,7
95,Brighton_Everton_2019,5,2019-10-26,2019,7,3,2,Winn,1,1,Draw,A Madley,8,10,4,6,12,12,0,5,2,1,0,0,43.0,,,59,14.0,,,18,33.0,,,44,15.0,,,23,4.0,,,5,2.0,,,2,3.0,,,3,1.0,,,1,3.0,,,4,0.0,,,0,27.0,,,35,8.0,,,11,24.0,,,34,15.0,,,21,0.0,,,0,6.0,,,8
96,Norwich_Man United_2019,5,2019-10-27,2019,25,1,3,Lost,0,2,Lost,S Attwell,10,21,3,11,13,10,1,10,2,2,0,0,34.0,,,49,13.0,,,21,31.0,,,40,14.0,,,21,6.0,,,9,4.0,,,5,5.0,,,6,0.0,,,0,10.0,,,11,5.0,,,5,70.0,,,80,28.0,,,31,33.0,,,44,30.0,,,35,0.0,,,0,5.0,,,8
97,Newcastle_Wolves_2019,5,2019-10-27,2019,24,1,1,Draw,1,0,Winn,K Friend,13,13,2,5,8,15,3,6,2,2,1,0,36.0,,,45,11.0,,,13,29.0,,,41,15.0,,,20,2.0,,,2,1.0,,,1,7.0,,,8,0.0,,,0,1.0,,,2,1.0,,,1,41.0,,,49,9.0,,,11,29.0,,,36,14.0,,,17,0.0,,,0,7.0,,,10
98,Liverpool_Tottenham_2019,5,2019-10-27,2019,20,2,1,Winn,0,1,Lost,A Taylor,21,11,13,4,9,11,8,3,3,3,0,0,64.0,,,79,22.0,,,29,22.0,,,31,20.0,,,31,8.0,,,12,4.0,,,8,2.0,,,2,0.0,,,0,3.0,,,4,1.0,,,1,19.0,,,31,5.0,,,10,26.0,,,35,11.0,,,13,0.0,,,0,5.0,,,7
99,Arsenal_Crystal Palace_2019,5,2019-10-27,2019,0,2,2,Draw,2,1,Winn,M Atkinson,15,10,6,4,18,9,12,5,2,0,0,0,59.0,,,75,16.0,,,25,38.0,,,51,34.0,,,44,6.0,,,8,2.0,,,3,9.0,,,11,1.0,,,1,4.0,,,5,3.0,,,4,37.0,,,55,20.0,,,25,40.0,,,51,15.0,,,22,0.0,,,0,8.0,,,9
100,Man City_Southampton_2019,6,2019-11-02,2019,21,2,1,Winn,0,1,Lost,L Mason,26,3,4,3,11,10,17,0,3,1,0,0,71.0,,,116,22.0,,,38,26.0,,,50,27.0,,,48,11.0,,,17,5.0,,,9,8.0,,,10,1.0,,,1,2.0,,,4,0.0,,,1,23.0,,,32,11.0,,,15,28.0,,,38,12.0,,,15,0.0,,,0,5.0,,,6
101,Bournemouth_Man United_2019,6,2019-11-02,2019,6,1,0,Winn,1,0,Winn,C Kavanagh,12,15,6,4,14,12,4,10,4,3,0,0,37.0,,,60,13.0,,,23,20.0,,,37,19.0,,,26,5.0,,,7,2.0,,,3,4.0,,,7,0.0,,,0,3.0,,,7,2.0,,,4,41.0,,,68,12.0,,,20,33.0,,,65,20.0,,,29,0.0,,,0,8.0,,,12
102,Aston Villa_Liverpool_2019,6,2019-11-02,2019,1,1,2,Lost,1,0,Winn,J Moss,5,25,2,6,12,9,2,10,1,2,0,0,50.0,,,79,16.0,,,26,32.0,,,52,16.0,,,26,4.0,,,7,2.0,,,3,4.0,,,6,0.0,,,0,3.0,,,5,1.0,,,3,43.0,,,67,9.0,,,14,45.0,,,76,12.0,,,23,2.0,,,2,7.0,,,12
103,Brighton_Norwich_2019,6,2019-11-02,2019,7,2,0,Winn,0,0,Draw,K Friend,21,7,5,0,11,8,8,3,0,1,0,0,39.0,,,67,15.0,,,22,36.0,,,56,7.0,,,23,7.0,,,8,3.0,,,3,4.0,,,5,0.0,,,1,3.0,,,6,1.0,,,1,25.0,,,45,10.0,,,17,26.0,,,46,15.0,,,26,0.0,,,0,4.0,,,9
104,Watford_Chelsea_2019,6,2019-11-02,2019,35,1,2,Lost,0,1,Lost,A Taylor,12,16,3,10,8,5,1,6,4,2,0,0,46.0,,,80,12.0,,,18,35.0,,,62,19.0,,,32,2.0,,,3,0.0,,,1,8.0,,,9,0.0,,,0,2.0,,,8,2.0,,,4,34.0,,,55,12.0,,,25,18.0,,,40,18.0,,,27,0.0,,,0,8.0,,,10
105,Arsenal_Wolves_2019,6,2019-11-02,2019,0,1,1,Draw,1,0,Winn,M Oliver,10,25,4,8,6,15,8,9,0,2,0,0,48.0,,,90,14.0,,,31,43.0,,,69,35.0,,,56,6.0,,,10,3.0,,,5,8.0,,,13,1.0,,,1,4.0,,,7,2.0,,,5,34.0,,,65,15.0,,,29,30.0,,,60,14.0,,,27,0.0,,,0,3.0,,,9
106,West Ham_Newcastle_2019,6,2019-11-02,2019,37,2,3,Lost,0,2,Lost,S Attwell,16,12,6,9,10,7,7,3,2,1,0,0,29.0,,,52,14.0,,,25,26.0,,,48,15.0,,,24,4.0,,,6,2.0,,,3,7.0,,,11,0.0,,,0,3.0,,,8,0.0,,,1,26.0,,,48,11.0,,,23,26.0,,,49,13.0,,,16,0.0,,,0,6.0,,,9
107,Sheffield United_Burnley_2019,6,2019-11-02,2019,29,3,0,Winn,3,0,Winn,S Hooper,13,6,6,0,8,12,7,6,1,2,0,0,37.0,,,60,8.0,,,14,28.0,,,55,25.0,,,40,1.0,,,3,1.0,,,1,6.0,,,10,1.0,,,1,2.0,,,4,0.0,,,1,36.0,,,52,14.0,,,20,23.0,,,40,23.0,,,31,0.0,,,0,6.0,,,7
108,Crystal Palace_Leicester_2019,6,2019-11-03,2019,12,0,2,Lost,0,0,Draw,P Tierney,12,14,3,5,15,16,5,6,2,2,0,0,35.0,,,63,9.0,,,16,29.0,,,60,12.0,,,31,3.0,,,4,1.0,,,1,6.0,,,10,0.0,,,0,3.0,,,3,2.0,,,2,45.0,,,65,17.0,,,22,30.0,,,60,20.0,,,24,1.0,,,3,3.0,,,8
109,Everton_Tottenham_2019,6,2019-11-03,2019,14,1,1,Draw,0,0,Draw,M Atkinson,7,4,3,2,9,8,5,2,1,2,0,1,47.0,,,74,21.0,,,29,28.0,,,51,28.0,,,39,3.0,,,7,2.0,,,5,5.0,,,8,0.0,,,0,5.0,,,7,2.0,,,3,30.0,,,46,14.0,,,21,32.0,,,55,7.0,,,21,0.0,,,1,7.0,,,14
110,Norwich_Watford_2019,6,2019-11-08,2019,25,0,2,Lost,0,1,Lost,A Marriner,17,12,5,2,7,13,10,4,1,2,0,1,38.0,,,59,11.0,,,24,35.0,,,53,14.0,,,22,5.0,,,10,2.0,,,5,6.0,,,8,0.0,,,0,10.0,,,14,5.0,,,7,68.0,,,101,31.0,,,42,34.0,,,54,32.0,,,45,0.0,,,0,6.0,,,10
111,Southampton_Everton_2019,6,2019-11-09,2019,30,1,2,Lost,0,1,Lost,P Tierney,4,24,3,5,12,12,5,9,1,1,0,0,41.0,,,65,12.0,,,17,19.0,,,46,9.0,,,16,2.0,,,4,1.0,,,1,1.0,,,4,1.0,,,2,16.0,,,19,10.0,,,12,44.0,,,80,25.0,,,39,36.0,,,49,16.0,,,28,0.0,,,0,4.0,,,7
112,Newcastle_Bournemouth_2019,6,2019-11-09,2019,24,2,1,Winn,1,1,Draw,M Atkinson,20,16,9,3,10,5,5,4,2,0,0,0,36.0,,,58,8.0,,,15,32.0,,,49,12.0,,,23,2.0,,,3,1.0,,,2,7.0,,,10,1.0,,,1,1.0,,,3,0.0,,,1,41.0,,,62,11.0,,,16,33.0,,,51,15.0,,,23,0.0,,,0,6.0,,,12
113,Burnley_West Ham_2019,6,2019-11-09,2019,8,3,0,Winn,2,0,Winn,K Friend,14,7,12,4,17,10,11,4,2,1,0,0,35.0,,,52,14.0,,,20,23.0,,,39,19.0,,,27,5.0,,,8,2.0,,,2,5.0,,,5,0.0,,,0,4.0,,,7,2.0,,,4,38.0,,,64,11.0,,,21,30.0,,,58,18.0,,,29,1.0,,,1,4.0,,,4
114,Tottenham_Sheffield United_2019,6,2019-11-09,2019,34,1,1,Draw,0,0,Draw,G Scott,17,14,5,4,6,9,4,4,2,2,0,0,34.0,,,82,11.0,,,20,29.0,,,52,21.0,,,41,7.0,,,10,6.0,,,6,8.0,,,11,1.0,,,1,2.0,,,4,2.0,,,4,32.0,,,47,14.0,,,21,36.0,,,50,11.0,,,17,0.0,,,0,7.0,,,9
115,Chelsea_Crystal Palace_2019,6,2019-11-09,2019,11,2,0,Winn,0,0,Draw,M Dean,23,3,5,1,9,17,7,0,3,2,0,0,53.0,,,80,20.0,,,30,22.0,,,37,22.0,,,29,4.0,,,7,0.0,,,3,7.0,,,8,0.0,,,0,2.0,,,5,2.0,,,2,19.0,,,39,4.0,,,9,38.0,,,63,6.0,,,15,0.0,,,0,7.0,,,8
116,Leicester_Arsenal_2019,6,2019-11-09,2019,19,2,0,Winn,0,0,Draw,C Kavanagh,19,8,7,1,10,10,5,4,1,1,0,0,48.0,,,76,15.0,,,21,32.0,,,44,26.0,,,42,9.0,,,12,2.0,,,4,2.0,,,3,0.0,,,0,2.0,,,3,2.0,,,3,27.0,,,43,8.0,,,12,32.0,,,56,6.0,,,14,1.0,,,1,6.0,,,11
117,Liverpool_Man City_2019,6,2019-11-10,2019,20,3,1,Winn,2,0,Winn,M Oliver,12,18,5,3,10,5,4,13,0,2,0,0,60.0,,,100,30.0,,,42,23.0,,,40,22.0,,,39,7.0,,,14,3.0,,,8,4.0,,,5,0.0,,,0,3.0,,,5,2.0,,,2,21.0,,,42,6.0,,,14,32.0,,,46,10.0,,,16,0.0,,,0,7.0,,,10
118,Wolves_Aston Villa_2019,6,2019-11-10,2019,39,2,1,Winn,1,0,Winn,A Taylor,17,13,5,4,17,8,6,3,4,3,0,0,21.0,,,44,7.0,,,11,23.0,,,49,9.0,,,17,5.0,,,7,1.0,,,1,4.0,,,6,0.0,,,0,6.0,,,8,3.0,,,5,43.0,,,65,16.0,,,22,34.0,,,53,14.0,,,23,0.0,,,0,5.0,,,9
119,Man United_Brighton_2019,6,2019-11-10,2019,22,3,1,Winn,2,0,Winn,J Moss,21,6,11,2,10,14,5,2,2,5,0,0,33.0,,,66,11.0,,,19,38.0,,,61,14.0,,,25,3.0,,,8,3.0,,,4,5.0,,,10,0.0,,,0,2.0,,,4,0.0,,,1,29.0,,,52,12.0,,,22,41.0,,,72,17.0,,,23,0.0,,,0,5.0,,,13
120,Man City_Chelsea_2019,7,2019-11-23,2019,21,2,1,Winn,2,1,Winn,M Atkinson,15,11,4,2,5,9,8,2,1,1,0,0,69.0,142.0,,142,15.0,42.0,,42,32.0,61.0,,61,39.0,65.0,,65,5.0,19.0,,19,0.0,9.0,,9,9.0,13.0,,13,1.0,1.0,,1,3.0,5.0,,5,1.0,2.0,,2,21.0,35.0,,35,10.0,18.0,,18,29.0,48.0,,48,8.0,15.0,,15,0.0,0.0,,0,4.0,7.0,,7
121,West Ham_Tottenham_2019,7,2019-11-23,2019,37,2,3,Lost,0,2,Lost,M Oliver,11,15,4,6,12,14,3,7,3,2,0,0,37.0,68.0,,68,14.0,31.0,,31,28.0,58.0,,58,19.0,31.0,,31,4.0,8.0,,8,1.0,3.0,,3,7.0,13.0,,13,0.0,0.0,,0,6.0,11.0,,11,2.0,3.0,,3,29.0,60.0,,60,17.0,32.0,,32,24.0,56.0,,56,9.0,19.0,,19,0.0,0.0,,0,5.0,10.0,,10
122,Bournemouth_Wolves_2019,7,2019-11-23,2019,6,1,2,Lost,0,2,Lost,S Hooper,9,17,2,7,10,12,5,9,2,1,1,0,36.0,72.0,,72,13.0,29.0,,29,29.0,51.0,,51,16.0,30.0,,30,3.0,8.0,,8,2.0,4.0,,4,8.0,11.0,,11,0.0,0.0,,0,2.0,7.0,,7,1.0,4.0,,4,42.0,83.0,,83,11.0,24.0,,24,31.0,77.0,,77,23.0,39.0,,39,0.0,0.0,,0,7.0,15.0,,15
123,Watford_Burnley_2019,7,2019-11-23,2019,35,0,3,Lost,0,0,Draw,P Tierney,15,11,4,5,14,13,7,5,0,3,0,0,27.0,92.0,,92,8.0,21.0,,21,29.0,70.0,,70,13.0,33.0,,33,1.0,4.0,,4,0.0,1.0,,1,9.0,13.0,,13,0.0,0.0,,0,2.0,10.0,,10,1.0,5.0,,5,40.0,71.0,,71,18.0,35.0,,35,19.0,45.0,,45,23.0,33.0,,33,0.0,0.0,,0,7.0,12.0,,12
124,Crystal Palace_Liverpool_2019,7,2019-11-23,2019,12,1,2,Lost,0,0,Draw,K Friend,16,12,6,4,8,7,9,8,0,1,0,0,34.0,75.0,,75,8.0,19.0,,19,37.0,75.0,,75,11.0,36.0,,36,2.0,4.0,,4,1.0,1.0,,1,6.0,12.0,,12,0.0,0.0,,0,4.0,5.0,,5,2.0,2.0,,2,45.0,79.0,,79,18.0,27.0,,27,36.0,76.0,,76,19.0,30.0,,30,0.0,3.0,,3,4.0,10.0,,10
125,Everton_Norwich_2019,7,2019-11-23,2019,14,0,2,Lost,0,0,Draw,A Taylor,18,13,7,5,12,11,7,7,3,5,0,0,38.0,81.0,,81,21.0,32.0,,32,28.0,60.0,,60,21.0,44.0,,44,4.0,8.0,,8,2.0,5.0,,5,5.0,9.0,,9,0.0,0.0,,0,4.0,8.0,,8,1.0,3.0,,3,32.0,50.0,,50,15.0,23.0,,23,31.0,63.0,,63,6.0,23.0,,23,1.0,2.0,,2,6.0,16.0,,16
126,Arsenal_Southampton_2019,7,2019-11-23,2019,0,2,2,Draw,1,1,Draw,S Attwell,12,21,5,6,13,19,6,8,6,2,0,0,37.0,100.0,,100,12.0,35.0,,35,36.0,75.0,,75,34.0,64.0,,64,4.0,11.0,,11,4.0,6.0,,6,3.0,13.0,,13,0.0,1.0,,1,3.0,8.0,,8,1.0,5.0,,5,45.0,90.0,,90,14.0,37.0,,37,30.0,75.0,,75,19.0,36.0,,36,0.0,0.0,,0,4.0,11.0,,11
127,Brighton_Leicester_2019,7,2019-11-23,2019,7,0,2,Lost,0,0,Draw,M Dean,7,19,0,9,9,1,6,7,2,0,0,0,46.0,88.0,,88,15.0,27.0,,27,34.0,67.0,,67,12.0,31.0,,31,8.0,10.0,,10,3.0,3.0,,3,4.0,5.0,,5,0.0,1.0,,1,2.0,6.0,,6,1.0,1.0,,1,25.0,52.0,,52,9.0,17.0,,17,27.0,54.0,,54,12.0,29.0,,29,0.0,0.0,,0,3.0,10.0,,10
128,Sheffield United_Man United_2019,7,2019-11-24,2019,29,3,3,Draw,1,0,Winn,A Marriner,12,11,8,5,13,10,6,3,1,2,0,0,33.0,73.0,,73,10.0,20.0,,20,26.0,63.0,,63,20.0,47.0,,47,4.0,6.0,,6,4.0,4.0,,4,6.0,11.0,,11,0.0,1.0,,1,1.0,4.0,,4,0.0,1.0,,1,31.0,58.0,,58,7.0,20.0,,20,28.0,52.0,,52,23.0,37.0,,37,0.0,0.0,,0,7.0,9.0,,9
129,Aston Villa_Newcastle_2019,7,2019-11-25,2019,1,2,0,Winn,2,0,Winn,L Mason,17,11,8,5,10,9,11,6,1,1,0,0,45.0,84.0,,84,13.0,28.0,,28,31.0,64.0,,64,16.0,28.0,,28,5.0,8.0,,8,3.0,4.0,,4,3.0,7.0,,7,0.0,0.0,,0,5.0,7.0,,7,1.0,3.0,,3,55.0,92.0,,92,14.0,20.0,,20,42.0,85.0,,85,18.0,33.0,,33,1.0,2.0,,2,8.0,14.0,,14
130,Liverpool_Brighton_2019,7,2019-11-30,2019,20,2,1,Winn,2,0,Winn,M Atkinson,15,12,7,5,3,10,4,5,0,0,1,0,51.0,112.0,,112,26.0,47.0,,47,28.0,50.0,,50,16.0,43.0,,43,7.0,17.0,,17,3.0,10.0,,10,4.0,5.0,,5,0.0,0.0,,0,3.0,6.0,,6,1.0,2.0,,2,31.0,60.0,,60,8.0,17.0,,17,33.0,51.0,,51,22.0,29.0,,29,0.0,0.0,,0,9.0,12.0,,12
131,Burnley_Crystal Palace_2019,7,2019-11-30,2019,8,0,2,Lost,0,1,Lost,P Bankes,15,7,4,2,13,10,5,6,2,0,0,0,36.0,66.0,,66,20.0,32.0,,32,29.0,56.0,,56,23.0,38.0,,38,6.0,11.0,,11,2.0,4.0,,4,7.0,7.0,,7,0.0,0.0,,0,4.0,7.0,,7,2.0,4.0,,4,34.0,71.0,,71,13.0,25.0,,25,30.0,68.0,,68,19.0,33.0,,33,1.0,1.0,,1,4.0,5.0,,5
132,Southampton_Watford_2019,7,2019-11-30,2019,30,2,1,Winn,0,1,Lost,M Oliver,11,6,6,3,6,10,6,7,1,0,0,0,20.0,69.0,,69,9.0,20.0,,20,23.0,58.0,,58,10.0,21.0,,21,2.0,5.0,,5,1.0,1.0,,1,1.0,5.0,,5,1.0,2.0,,2,15.0,21.0,,21,9.0,13.0,,13,62.0,104.0,,104,27.0,44.0,,44,39.0,61.0,,61,20.0,37.0,,37,0.0,0.0,,0,2.0,8.0,,8
133,Tottenham_Bournemouth_2019,7,2019-11-30,2019,34,3,2,Winn,1,0,Winn,L Mason,15,20,5,6,10,12,4,8,0,2,0,0,38.0,99.0,,99,11.0,25.0,,25,16.0,58.0,,58,21.0,45.0,,45,4.0,11.0,,11,2.0,6.0,,6,6.0,13.0,,13,1.0,1.0,,1,3.0,5.0,,5,2.0,4.0,,4,35.0,61.0,,61,12.0,25.0,,25,34.0,59.0,,59,12.0,21.0,,21,0.0,0.0,,0,7.0,11.0,,11
134,Chelsea_West Ham_2019,7,2019-11-30,2019,11,0,1,Lost,0,0,Draw,J Moss,19,5,6,4,0,16,9,3,0,3,0,0,63.0,103.0,,103,23.0,35.0,,35,23.0,46.0,,46,23.0,36.0,,36,5.0,9.0,,9,0.0,3.0,,3,7.0,11.0,,11,0.0,0.0,,0,0.0,5.0,,5,0.0,2.0,,2,16.0,42.0,,42,2.0,10.0,,10,42.0,80.0,,80,2.0,15.0,,15,0.0,0.0,,0,6.0,10.0,,10
135,Newcastle_Man City_2019,7,2019-11-30,2019,24,2,2,Draw,1,1,Draw,C Kavanagh,6,24,3,9,4,6,1,10,1,2,0,0,45.0,78.0,,78,13.0,24.0,,24,30.0,59.0,,59,12.0,28.0,,28,4.0,5.0,,5,2.0,3.0,,3,7.0,12.0,,12,1.0,1.0,,1,2.0,4.0,,4,1.0,2.0,,2,41.0,78.0,,78,11.0,19.0,,19,30.0,56.0,,56,16.0,27.0,,27,0.0,0.0,,0,5.0,12.0,,12
136,Leicester_Everton_2019,7,2019-12-01,2019,19,2,1,Winn,0,1,Lost,G Scott,16,11,6,3,7,9,4,4,0,1,0,0,51.0,95.0,,95,15.0,28.0,,28,26.0,54.0,,54,23.0,47.0,,47,9.0,14.0,,14,2.0,4.0,,4,2.0,4.0,,4,0.0,0.0,,0,1.0,3.0,,3,1.0,3.0,,3,24.0,51.0,,51,5.0,13.0,,13,29.0,66.0,,66,8.0,18.0,,18,1.0,1.0,,1,5.0,12.0,,12
137,Man United_Aston Villa_2019,7,2019-12-01,2019,22,2,2,Draw,1,1,Draw,C Pawson,16,9,6,3,16,8,9,9,4,1,0,0,44.0,87.0,,87,17.0,30.0,,30,34.0,71.0,,71,16.0,30.0,,30,5.0,11.0,,11,4.0,6.0,,6,6.0,12.0,,12,0.0,0.0,,0,3.0,5.0,,5,0.0,1.0,,1,26.0,58.0,,58,11.0,24.0,,24,41.0,86.0,,86,10.0,25.0,,25,0.0,0.0,,0,8.0,18.0,,18
138,Wolves_Sheffield United_2019,7,2019-12-01,2019,39,1,1,Draw,0,1,Lost,D Coote,13,9,3,4,12,18,7,2,1,4,0,0,27.0,61.0,,61,8.0,16.0,,16,32.0,66.0,,66,8.0,23.0,,23,5.0,9.0,,9,2.0,2.0,,2,7.0,10.0,,10,0.0,0.0,,0,2.0,9.0,,9,0.0,5.0,,5,41.0,78.0,,78,14.0,26.0,,26,31.0,61.0,,61,12.0,26.0,,26,0.0,0.0,,0,6.0,12.0,,12
139,Norwich_Arsenal_2019,7,2019-12-01,2019,25,2,2,Draw,2,1,Winn,P Tierney,15,16,8,7,8,10,7,12,2,1,0,0,48.0,76.0,,76,13.0,29.0,,29,34.0,60.0,,60,21.0,32.0,,32,2.0,10.0,,10,0.0,5.0,,5,4.0,9.0,,9,0.0,0.0,,0,10.0,16.0,,16,5.0,8.0,,8,55.0,113.0,,113,25.0,44.0,,44,40.0,67.0,,67,20.0,49.0,,49,1.0,1.0,,1,7.0,12.0,,12
140,Burnley_Man City_2019,8,2019-12-03,2019,8,1,4,Lost,0,1,Lost,J Moss,4,17,2,8,9,6,3,6,1,1,0,0,42.0,71.0,,81,21.0,32.0,,36,37.0,63.0,,69,21.0,41.0,,43,5.0,8.0,,11,2.0,4.0,,4,7.0,9.0,,9,0.0,0.0,,0,6.0,9.0,,9,3.0,5.0,,5,30.0,67.0,,78,13.0,24.0,,27,28.0,66.0,,78,16.0,32.0,,39,0.0,1.0,,1,3.0,5.0,,5
141,Crystal Palace_Bournemouth_2019,8,2019-12-03,2019,12,1,0,Winn,0,0,Draw,A Taylor,7,6,2,3,6,15,6,9,3,3,1,0,35.0,85.0,,91,11.0,23.0,,25,31.0,67.0,,83,15.0,39.0,,45,1.0,5.0,,5,0.0,1.0,,1,3.0,10.0,,12,0.0,0.0,,0,6.0,7.0,,7,2.0,2.0,,2,47.0,81.0,,91,19.0,28.0,,31,33.0,69.0,,83,22.0,36.0,,38,0.0,2.0,,3,4.0,10.0,,11
142,Leicester_Watford_2019,8,2019-12-04,2019,19,2,0,Winn,0,0,Draw,C Pawson,12,4,6,1,13,16,7,2,3,2,0,0,54.0,96.0,,111,16.0,33.0,,34,21.0,58.0,,61,18.0,39.0,,51,6.0,16.0,,16,1.0,4.0,,4,1.0,4.0,,4,0.0,0.0,,0,2.0,4.0,,4,2.0,4.0,,4,32.0,54.0,,62,8.0,14.0,,16,29.0,62.0,,75,12.0,19.0,,22,0.0,1.0,,1,5.0,11.0,,13
143,Liverpool_Everton_2019,8,2019-12-04,2019,20,5,2,Winn,4,2,Winn,M Dean,11,12,5,4,13,17,5,6,1,2,0,0,48.0,112.0,,127,25.0,47.0,,54,22.0,44.0,,53,16.0,36.0,,47,7.0,15.0,,19,4.0,8.0,,12,3.0,5.0,,5,1.0,1.0,,1,3.0,6.0,,7,1.0,2.0,,2,41.0,60.0,,72,12.0,17.0,,22,26.0,52.0,,61,21.0,32.0,,34,0.0,0.0,,0,5.0,10.0,,12
144,Chelsea_Aston Villa_2019,8,2019-12-04,2019,11,2,1,Winn,1,1,Draw,C Kavanagh,25,9,9,3,18,10,9,5,2,1,0,0,58.0,108.0,,122,19.0,36.0,,41,18.0,37.0,,46,27.0,41.0,,45,3.0,8.0,,9,0.0,2.0,,3,5.0,10.0,,11,0.0,0.0,,0,1.0,5.0,,6,0.0,2.0,,2,13.0,35.0,,47,5.0,11.0,,14,45.0,82.0,,96,3.0,13.0,,18,0.0,0.0,,0,6.0,13.0,,13
145,Southampton_Norwich_2019,8,2019-12-04,2019,30,2,1,Winn,2,0,Winn,K Friend,14,10,5,3,12,7,6,1,1,1,0,0,21.0,66.0,,80,12.0,23.0,,26,21.0,54.0,,64,13.0,22.0,,27,3.0,6.0,,7,0.0,1.0,,1,2.0,4.0,,6,1.0,2.0,,2,12.0,20.0,,22,7.0,13.0,,14,55.0,95.0,,110,23.0,41.0,,47,34.0,65.0,,71,23.0,35.0,,44,0.0,0.0,,0,1.0,7.0,,8
146,Wolves_West Ham_2019,8,2019-12-04,2019,39,2,0,Winn,1,0,Winn,A Marriner,13,6,7,3,8,9,5,4,1,2,0,0,34.0,68.0,,74,9.0,17.0,,19,39.0,61.0,,78,14.0,26.0,,30,4.0,9.0,,10,1.0,2.0,,2,8.0,9.0,,11,0.0,0.0,,0,3.0,9.0,,10,1.0,5.0,,6,36.0,78.0,,87,13.0,28.0,,30,43.0,71.0,,79,8.0,22.0,,28,0.0,0.0,,0,9.0,14.0,,16
147,Man United_Tottenham_2019,8,2019-12-04,2019,22,2,1,Winn,1,1,Draw,P Tierney,12,8,7,5,9,9,4,3,0,1,0,0,44.0,92.0,,103,19.0,31.0,,36,32.0,72.0,,87,17.0,36.0,,39,6.0,9.0,,13,4.0,6.0,,7,6.0,13.0,,16,0.0,0.0,,0,4.0,7.0,,7,1.0,2.0,,2,25.0,49.0,,67,9.0,20.0,,27,36.0,81.0,,94,12.0,29.0,,34,0.0,0.0,,0,7.0,15.0,,19
148,Arsenal_Brighton_2019,8,2019-12-05,2019,0,1,2,Lost,0,1,Lost,G Scott,12,20,5,9,10,11,9,9,3,1,0,0,37.0,96.0,,112,15.0,31.0,,40,37.0,75.0,,88,26.0,60.0,,70,5.0,11.0,,13,4.0,6.0,,7,8.0,17.0,,19,0.0,1.0,,1,5.0,9.0,,10,2.0,5.0,,6,56.0,93.0,,111,18.0,38.0,,43,43.0,83.0,,94,22.0,37.0,,44,0.0,0.0,,0,4.0,12.0,,13
149,Sheffield United_Newcastle_2019,8,2019-12-05,2019,29,0,2,Lost,0,1,Lost,S Attwell,13,6,6,4,10,6,8,1,2,0,0,0,33.0,70.0,,85,16.0,25.0,,28,31.0,60.0,,76,20.0,45.0,,53,7.0,8.0,,9,5.0,5.0,,5,6.0,9.0,,12,0.0,1.0,,1,3.0,7.0,,7,0.0,1.0,,1,26.0,63.0,,69,8.0,21.0,,25,34.0,51.0,,62,21.0,36.0,,40,0.0,0.0,,0,8.0,10.0,,11
150,Man City_Man United_2019,8,2019-12-07,2019,21,1,2,Lost,0,2,Lost,A Taylor,22,11,5,7,10,10,16,3,3,2,0,0,66.0,127.0,,157,17.0,36.0,,46,26.0,52.0,,66,38.0,60.0,,73,7.0,19.0,,21,2.0,9.0,,11,5.0,13.0,,14,1.0,1.0,,1,2.0,4.0,,6,2.0,2.0,,3,25.0,43.0,,46,10.0,18.0,,20,24.0,53.0,,57,9.0,15.0,,17,0.0,0.0,,0,3.0,8.0,,8
151,Everton_Chelsea_2019,8,2019-12-07,2019,14,3,1,Winn,1,0,Winn,C Pawson,13,15,7,4,14,9,1,5,3,0,0,0,44.0,87.0,,99,20.0,37.0,,39,36.0,61.0,,72,23.0,47.0,,51,3.0,7.0,,8,1.0,4.0,,5,6.0,10.0,,12,0.0,0.0,,0,3.0,10.0,,10,0.0,3.0,,3,25.0,55.0,,63,11.0,26.0,,28,34.0,63.0,,74,11.0,23.0,,30,1.0,2.0,,2,9.0,18.0,,21
152,Watford_Crystal Palace_2019,8,2019-12-07,2019,35,0,0,Draw,0,0,Draw,M Atkinson,13,3,3,0,15,16,6,2,4,2,0,0,34.0,96.0,,107,10.0,22.0,,25,36.0,69.0,,84,13.0,35.0,,40,1.0,4.0,,4,0.0,1.0,,1,9.0,13.0,,13,0.0,0.0,,0,5.0,10.0,,13,1.0,4.0,,5,42.0,77.0,,82,20.0,37.0,,40,26.0,47.0,,58,21.0,36.0,,38,0.0,0.0,,0,8.0,14.0,,15
153,Bournemouth_Liverpool_2019,8,2019-12-07,2019,6,0,3,Lost,0,2,Lost,C Kavanagh,3,21,0,9,5,6,1,3,0,1,0,0,32.0,68.0,,81,10.0,28.0,,31,32.0,51.0,,61,15.0,32.0,,35,2.0,8.0,,9,1.0,4.0,,4,7.0,11.0,,13,1.0,1.0,,1,2.0,8.0,,9,2.0,6.0,,6,42.0,92.0,,100,12.0,28.0,,31,35.0,70.0,,89,26.0,44.0,,48,0.0,0.0,,0,7.0,15.0,,16
154,Tottenham_Burnley_2019,8,2019-12-07,2019,34,5,0,Winn,3,0,Winn,K Friend,13,7,7,1,12,8,1,1,1,1,0,0,44.0,83.0,,114,12.0,23.0,,30,21.0,55.0,,68,19.0,35.0,,49,5.0,11.0,,14,1.0,7.0,,7,6.0,12.0,,13,0.0,1.0,,1,4.0,6.0,,7,1.0,3.0,,4,41.0,74.0,,81,12.0,27.0,,31,30.0,62.0,,71,14.0,29.0,,29,0.0,0.0,,0,7.0,13.0,,13
155,Norwich_Sheffield United_2019,8,2019-12-08,2019,25,1,2,Lost,1,0,Winn,S Hooper,14,9,4,3,6,12,9,1,0,4,0,0,42.0,76.0,,91,16.0,29.0,,37,28.0,59.0,,68,18.0,32.0,,39,3.0,9.0,,12,2.0,6.0,,7,5.0,10.0,,11,0.0,0.0,,0,7.0,17.0,,18,4.0,9.0,,9,49.0,119.0,,129,20.0,48.0,,51,33.0,66.0,,77,26.0,56.0,,61,1.0,1.0,,1,5.0,10.0,,13
156,Newcastle_Southampton_2019,8,2019-12-08,2019,24,2,1,Winn,0,0,Draw,D Coote,12,19,6,4,11,17,3,12,1,3,0,0,39.0,75.0,,84,14.0,25.0,,27,22.0,51.0,,63,9.0,24.0,,29,5.0,7.0,,7,3.0,4.0,,4,5.0,12.0,,13,1.0,1.0,,1,4.0,5.0,,6,2.0,3.0,,3,53.0,94.0,,102,17.0,26.0,,28,26.0,55.0,,62,20.0,34.0,,37,0.0,0.0,,0,4.0,11.0,,14
157,Aston Villa_Leicester_2019,8,2019-12-08,2019,1,1,4,Lost,1,2,Lost,M Oliver,15,23,2,8,21,15,8,5,6,2,0,0,46.0,79.0,,101,18.0,29.0,,36,31.0,64.0,,74,20.0,29.0,,39,5.0,9.0,,10,4.0,6.0,,6,3.0,8.0,,8,0.0,0.0,,0,3.0,5.0,,7,1.0,1.0,,3,56.0,91.0,,103,16.0,21.0,,25,35.0,81.0,,94,21.0,34.0,,39,1.0,2.0,,2,5.0,13.0,,15
158,Brighton_Wolves_2019,8,2019-12-08,2019,7,2,2,Draw,2,2,Draw,J Moss,13,13,4,5,10,7,3,4,3,0,0,0,36.0,79.0,,95,9.0,23.0,,27,32.0,65.0,,76,14.0,29.0,,37,5.0,9.0,,10,1.0,3.0,,3,4.0,7.0,,7,0.0,1.0,,1,4.0,7.0,,8,1.0,1.0,,1,36.0,63.0,,71,15.0,23.0,,26,21.0,45.0,,55,15.0,30.0,,36,0.0,0.0,,0,2.0,8.0,,10
159,West Ham_Arsenal_2019,8,2019-12-09,2019,37,1,3,Lost,1,0,Winn,M Dean,11,10,4,3,12,6,4,3,2,0,0,0,39.0,74.0,,79,14.0,32.0,,35,29.0,64.0,,70,20.0,33.0,,34,5.0,10.0,,10,1.0,3.0,,3,7.0,14.0,,16,0.0,0.0,,0,7.0,9.0,,14,4.0,4.0,,5,37.0,61.0,,75,19.0,29.0,,38,31.0,57.0,,70,14.0,25.0,,26,0.0,0.0,,0,5.0,10.0,,12
160,Chelsea_Bournemouth_2019,9,2019-12-14,2019,11,0,1,Lost,0,0,Draw,G Scott,18,11,5,2,9,14,9,4,1,2,0,0,67.0,120.0,,147,20.0,40.0,,50,27.0,49.0,,64,25.0,47.0,,54,4.0,8.0,,11,1.0,1.0,,4,5.0,12.0,,13,0.0,0.0,,0,2.0,4.0,,7,1.0,3.0,,3,17.0,36.0,,56,8.0,12.0,,17,43.0,81.0,,106,8.0,14.0,,23,0.0,0.0,,0,6.0,13.0,,14
161,Burnley_Newcastle_2019,9,2019-12-14,2019,8,1,0,Winn,0,0,Draw,T Robinson,7,9,4,0,15,12,4,3,0,2,0,0,33.0,68.0,,85,18.0,32.0,,38,39.0,62.0,,78,19.0,38.0,,46,4.0,9.0,,12,2.0,4.0,,4,5.0,10.0,,10,0.0,0.0,,0,6.0,10.0,,13,2.0,4.0,,6,31.0,69.0,,95,14.0,25.0,,35,26.0,56.0,,84,16.0,34.0,,45,0.0,1.0,,1,2.0,6.0,,6
162,Liverpool_Watford_2019,9,2019-12-14,2019,20,2,0,Winn,1,0,Winn,A Marriner,16,8,6,2,8,6,6,3,2,1,0,0,38.0,98.0,,138,17.0,47.0,,59,26.0,49.0,,66,13.0,35.0,,52,10.0,17.0,,24,8.0,11.0,,16,1.0,5.0,,6,1.0,1.0,,1,4.0,7.0,,9,2.0,4.0,,4,42.0,63.0,,84,12.0,18.0,,26,32.0,64.0,,78,24.0,34.0,,40,0.0,0.0,,0,4.0,11.0,,14
163,Sheffield United_Aston Villa_2019,9,2019-12-14,2019,29,2,0,Winn,0,0,Draw,P Bankes,7,8,3,0,10,9,3,2,2,2,0,0,38.0,75.0,,98,20.0,28.0,,34,31.0,59.0,,86,21.0,46.0,,61,6.0,7.0,,9,4.0,5.0,,5,4.0,10.0,,14,0.0,1.0,,1,5.0,7.0,,9,1.0,1.0,,2,23.0,59.0,,75,9.0,23.0,,29,28.0,51.0,,68,10.0,33.0,,41,0.0,0.0,,0,4.0,10.0,,11
164,Leicester_Norwich_2019,9,2019-12-14,2019,19,1,1,Draw,1,1,Draw,A Madley,18,10,5,3,11,15,12,4,0,4,0,0,47.0,95.0,,123,19.0,34.0,,40,30.0,62.0,,74,16.0,42.0,,58,6.0,15.0,,18,0.0,2.0,,4,4.0,6.0,,7,0.0,0.0,,0,1.0,3.0,,4,1.0,3.0,,4,23.0,50.0,,66,5.0,13.0,,17,35.0,67.0,,91,10.0,16.0,,24,0.0,1.0,,1,4.0,10.0,,15
165,Southampton_West Ham_2019,9,2019-12-14,2019,30,0,1,Lost,0,1,Lost,M Atkinson,11,11,2,4,9,14,5,8,1,3,0,0,29.0,70.0,,94,14.0,26.0,,31,30.0,49.0,,76,17.0,26.0,,33,5.0,7.0,,9,2.0,3.0,,3,3.0,4.0,,7,0.0,1.0,,2,4.0,20.0,,23,2.0,12.0,,14,40.0,84.0,,120,11.0,36.0,,50,29.0,65.0,,78,17.0,33.0,,45,0.0,0.0,,0,2.0,6.0,,9
166,Arsenal_Man City_2019,9,2019-12-15,2019,0,0,3,Lost,0,3,Lost,P Tierney,6,14,1,7,9,24,3,3,1,4,0,0,34.0,82.0,,124,14.0,28.0,,45,29.0,72.0,,98,23.0,58.0,,79,4.0,10.0,,14,2.0,5.0,,7,9.0,17.0,,22,0.0,1.0,,1,5.0,9.0,,12,2.0,4.0,,7,66.0,100.0,,131,23.0,38.0,,52,45.0,75.0,,105,26.0,40.0,,53,0.0,0.0,,0,5.0,8.0,,14
167,Man United_Everton_2019,9,2019-12-15,2019,22,1,1,Draw,0,1,Lost,M Oliver,24,8,8,3,10,12,6,5,1,2,0,0,49.0,82.0,,115,24.0,35.0,,43,35.0,73.0,,96,18.0,32.0,,43,7.0,10.0,,15,4.0,7.0,,8,6.0,11.0,,16,0.0,0.0,,0,4.0,6.0,,8,2.0,2.0,,3,23.0,52.0,,75,10.0,22.0,,32,31.0,72.0,,103,14.0,31.0,,37,0.0,0.0,,0,7.0,12.0,,20
168,Wolves_Tottenham_2019,9,2019-12-15,2019,39,1,2,Lost,0,1,Lost,S Attwell,18,9,5,5,14,10,11,2,4,4,0,0,43.0,64.0,,87,15.0,22.0,,26,37.0,60.0,,86,18.0,27.0,,35,5.0,10.0,,12,2.0,3.0,,3,6.0,10.0,,12,0.0,0.0,,0,2.0,8.0,,10,1.0,4.0,,6,28.0,71.0,,93,11.0,27.0,,33,35.0,69.0,,88,9.0,23.0,,32,0.0,0.0,,0,9.0,14.0,,18
169,Crystal Palace_Brighton_2019,9,2019-12-16,2019,12,1,1,Draw,0,0,Draw,C Pawson,11,15,4,10,7,12,3,7,1,1,0,0,35.0,70.0,,98,11.0,20.0,,27,29.0,58.0,,89,20.0,32.0,,51,2.0,5.0,,6,0.0,1.0,,1,5.0,11.0,,15,1.0,1.0,,1,4.0,7.0,,7,0.0,2.0,,2,32.0,77.0,,97,12.0,29.0,,34,38.0,68.0,,98,23.0,43.0,,47,0.0,1.0,,3,6.0,9.0,,14
170,Everton_Arsenal_2019,9,2019-12-21,2019,14,0,0,Draw,0,0,Draw,K Friend,9,6,0,2,10,11,5,4,2,3,0,0,38.0,85.0,,112,17.0,38.0,,46,35.0,63.0,,86,13.0,41.0,,52,4.0,7.0,,11,1.0,3.0,,6,7.0,12.0,,15,0.0,0.0,,0,4.0,9.0,,11,0.0,2.0,,3,32.0,62.0,,78,11.0,25.0,,32,28.0,60.0,,83,14.0,21.0,,35,1.0,1.0,,2,7.0,14.0,,21
171,Norwich_Wolves_2019,9,2019-12-21,2019,25,1,2,Lost,1,0,Winn,P Bankes,13,14,7,4,7,14,3,11,2,4,0,0,46.0,84.0,,105,17.0,28.0,,41,21.0,56.0,,74,26.0,40.0,,48,3.0,8.0,,13,3.0,5.0,,8,3.0,9.0,,11,0.0,0.0,,0,6.0,16.0,,20,2.0,7.0,,9,37.0,105.0,,138,12.0,43.0,,54,35.0,69.0,,89,17.0,49.0,,62,1.0,1.0,,1,7.0,13.0,,17
172,Aston Villa_Southampton_2019,9,2019-12-21,2019,1,1,3,Lost,0,2,Lost,C Pawson,19,17,6,8,16,15,7,5,2,1,0,0,37.0,87.0,,116,12.0,28.0,,38,43.0,75.0,,95,21.0,37.0,,47,4.0,8.0,,11,4.0,6.0,,7,8.0,12.0,,14,0.0,0.0,,0,6.0,9.0,,11,2.0,3.0,,5,59.0,102.0,,126,19.0,28.0,,33,33.0,78.0,,109,21.0,33.0,,44,0.0,2.0,,2,5.0,12.0,,17
173,Bournemouth_Burnley_2019,9,2019-12-21,2019,6,0,1,Lost,0,0,Draw,M Atkinson,3,2,0,1,13,21,4,5,2,4,0,0,24.0,61.0,,84,8.0,21.0,,31,29.0,49.0,,66,10.0,29.0,,36,2.0,7.0,,9,1.0,3.0,,4,6.0,10.0,,13,1.0,1.0,,1,5.0,8.0,,12,4.0,6.0,,8,53.0,94.0,,121,20.0,32.0,,40,30.0,63.0,,95,22.0,42.0,,51,0.0,0.0,,0,5.0,13.0,,17
174,Man City_Leicester_2019,9,2019-12-21,2019,21,3,1,Winn,2,1,Winn,M Dean,23,5,12,2,14,9,6,1,2,2,0,0,63.0,134.0,,179,13.0,35.0,,51,26.0,52.0,,76,41.0,68.0,,89,5.0,16.0,,22,2.0,7.0,,11,7.0,15.0,,17,0.0,1.0,,1,4.0,6.0,,8,4.0,4.0,,5,25.0,48.0,,57,12.0,23.0,,27,29.0,57.0,,67,5.0,17.0,,20,0.0,0.0,,0,4.0,9.0,,10
175,Brighton_Sheffield United_2019,9,2019-12-21,2019,7,0,1,Lost,0,1,Lost,R Jones,9,7,2,2,6,11,4,3,1,3,0,0,41.0,80.0,,108,9.0,24.0,,31,30.0,66.0,,86,17.0,24.0,,40,4.0,11.0,,12,2.0,5.0,,5,5.0,9.0,,10,0.0,0.0,,1,4.0,7.0,,10,2.0,3.0,,3,39.0,64.0,,84,14.0,24.0,,31,16.0,42.0,,62,14.0,29.0,,40,0.0,0.0,,0,1.0,5.0,,10
176,Newcastle_Crystal Palace_2019,9,2019-12-21,2019,24,1,0,Winn,0,0,Draw,S Hooper,8,16,3,4,12,11,4,5,2,0,0,0,38.0,74.0,,96,18.0,26.0,,33,25.0,57.0,,74,9.0,21.0,,32,6.0,8.0,,9,2.0,3.0,,4,4.0,11.0,,14,0.0,1.0,,1,4.0,5.0,,7,2.0,2.0,,3,59.0,100.0,,121,16.0,27.0,,32,28.0,61.0,,79,26.0,41.0,,49,0.0,0.0,,0,5.0,11.0,,17
177,Tottenham_Chelsea_2019,9,2019-12-22,2019,34,0,2,Lost,0,2,Lost,A Taylor,5,13,1,3,9,11,3,5,4,3,1,0,45.0,79.0,,127,17.0,28.0,,37,28.0,57.0,,80,9.0,30.0,,50,9.0,16.0,,19,4.0,10.0,,10,3.0,11.0,,14,0.0,1.0,,1,3.0,5.0,,7,0.0,2.0,,4,41.0,73.0,,88,11.0,25.0,,32,29.0,65.0,,79,13.0,24.0,,30,0.0,0.0,,0,5.0,12.0,,14
178,Watford_Man United_2019,9,2019-12-22,2019,35,2,0,Winn,0,0,Draw,L Mason,11,17,3,8,16,11,3,5,3,1,0,0,40.0,86.0,,120,10.0,22.0,,28,37.0,72.0,,99,14.0,33.0,,46,1.0,3.0,,4,0.0,0.0,,1,8.0,16.0,,17,0.0,0.0,,0,5.0,7.0,,13,1.0,3.0,,5,30.0,64.0,,85,15.0,27.0,,40,34.0,52.0,,74,13.0,31.0,,40,0.0,0.0,,0,7.0,15.0,,17
179,Sheffield United_Watford_2019,10,2019-12-26,2019,29,1,1,Draw,1,1,Draw,D Coote,16,5,4,2,11,8,9,1,1,3,0,0,32.0,65.0,,105,17.0,27.0,,37,33.0,59.0,,96,17.0,37.0,,64,5.0,9.0,,11,1.0,5.0,,5,5.0,11.0,,16,0.0,0.0,,1,5.0,6.0,,9,1.0,1.0,,2,25.0,56.0,,83,9.0,16.0,,29,25.0,53.0,,77,6.0,29.0,,43,0.0,0.0,,0,4.0,11.0,,13
180,Bournemouth_Arsenal_2019,10,2019-12-26,2019,6,1,1,Draw,1,0,Winn,S Attwell,12,17,4,2,5,13,8,3,4,4,0,0,15.0,51.0,,87,2.0,15.0,,31,28.0,57.0,,79,10.0,26.0,,40,1.0,4.0,,9,0.0,2.0,,4,4.0,12.0,,15,1.0,1.0,,1,6.0,8.0,,13,4.0,5.0,,8,40.0,82.0,,123,17.0,28.0,,41,39.0,70.0,,116,17.0,40.0,,56,0.0,0.0,,0,6.0,13.0,,21
181,Crystal Palace_West Ham_2019,10,2019-12-26,2019,12,2,1,Winn,0,0,Draw,A Marriner,13,10,4,2,5,10,7,6,0,2,0,0,34.0,68.0,,109,12.0,20.0,,31,21.0,58.0,,96,18.0,29.0,,54,3.0,5.0,,7,0.0,1.0,,1,4.0,10.0,,16,1.0,1.0,,1,3.0,7.0,,8,0.0,2.0,,2,33.0,78.0,,112,17.0,35.0,,44,34.0,70.0,,110,24.0,43.0,,54,0.0,0.0,,3,5.0,9.0,,15
182,Man United_Newcastle_2019,10,2019-12-26,2019,22,4,1,Winn,3,1,Winn,K Friend,22,7,10,2,10,7,5,0,2,2,0,0,52.0,96.0,,139,21.0,38.0,,51,35.0,69.0,,106,19.0,35.0,,49,5.0,10.0,,16,2.0,6.0,,8,5.0,11.0,,17,0.0,0.0,,0,4.0,7.0,,9,3.0,3.0,,4,25.0,51.0,,83,11.0,22.0,,35,29.0,70.0,,115,17.0,27.0,,42,0.0,0.0,,0,4.0,12.0,,22
183,Everton_Burnley_2019,10,2019-12-26,2019,14,1,0,Winn,0,0,Draw,A Taylor,21,6,5,0,15,14,10,2,0,0,0,0,40.0,78.0,,121,14.0,35.0,,46,36.0,64.0,,96,13.0,34.0,,57,3.0,7.0,,11,1.0,3.0,,6,8.0,13.0,,17,0.0,0.0,,0,3.0,7.0,,11,0.0,1.0,,3,34.0,66.0,,84,11.0,26.0,,34,31.0,62.0,,94,16.0,22.0,,39,0.0,1.0,,2,8.0,14.0,,24
184,Tottenham_Brighton_2019,10,2019-12-26,2019,34,2,1,Winn,0,1,Lost,G Scott,11,11,5,5,10,9,9,2,4,2,0,0,33.0,71.0,,132,13.0,24.0,,38,31.0,47.0,,89,8.0,29.0,,53,8.0,12.0,,19,4.0,6.0,,10,5.0,11.0,,18,1.0,2.0,,2,4.0,7.0,,9,2.0,4.0,,6,40.0,75.0,,101,10.0,22.0,,35,31.0,65.0,,90,14.0,26.0,,35,0.0,0.0,,0,6.0,13.0,,17
185,Leicester_Liverpool_2019,10,2019-12-26,2019,19,0,4,Lost,0,1,Lost,M Oliver,3,15,0,6,5,7,2,8,1,1,0,0,46.0,97.0,,141,17.0,32.0,,45,31.0,57.0,,85,23.0,46.0,,70,5.0,14.0,,19,1.0,3.0,,5,3.0,5.0,,7,0.0,0.0,,0,2.0,3.0,,5,2.0,3.0,,5,25.0,49.0,,76,7.0,12.0,,20,40.0,69.0,,106,10.0,18.0,,28,0.0,1.0,,1,7.0,12.0,,19
186,Aston Villa_Norwich_2019,10,2019-12-26,2019,1,1,0,Winn,0,0,Draw,C Kavanagh,11,16,2,6,15,12,5,8,2,3,0,0,51.0,96.0,,135,16.0,29.0,,44,47.0,78.0,,111,26.0,42.0,,54,4.0,9.0,,12,3.0,6.0,,7,9.0,12.0,,16,0.0,0.0,,0,7.0,12.0,,14,4.0,5.0,,7,51.0,106.0,,143,21.0,35.0,,41,39.0,81.0,,124,16.0,34.0,,49,0.0,1.0,,2,4.0,12.0,,18
187,Chelsea_Southampton_2019,10,2019-12-26,2019,11,0,2,Lost,0,1,Lost,J Moss,10,5,3,3,10,9,8,1,3,2,0,0,62.0,125.0,,165,20.0,43.0,,55,27.0,50.0,,73,27.0,50.0,,63,2.0,7.0,,11,1.0,1.0,,4,3.0,10.0,,14,0.0,0.0,,0,3.0,3.0,,8,1.0,1.0,,3,25.0,41.0,,67,9.0,11.0,,19,40.0,82.0,,120,12.0,14.0,,27,0.0,0.0,,0,6.0,12.0,,16
188,Wolves_Man City_2019,10,2019-12-27,2019,39,3,2,Winn,0,1,Lost,M Atkinson,20,7,8,3,7,13,3,1,0,1,0,1,44.0,71.0,,105,15.0,23.0,,31,34.0,66.0,,100,23.0,31.0,,46,4.0,9.0,,13,1.0,3.0,,3,6.0,13.0,,16,0.0,0.0,,0,3.0,5.0,,12,2.0,2.0,,7,24.0,65.0,,102,12.0,26.0,,38,37.0,68.0,,98,8.0,20.0,,34,0.0,0.0,,0,10.0,16.0,,22
189,Southampton_Crystal Palace_2019,10,2019-12-28,2019,30,1,1,Draw,0,0,Draw,A Madley,14,5,5,2,13,7,12,4,1,2,0,0,36.0,56.0,,105,13.0,22.0,,33,27.0,50.0,,85,17.0,27.0,,38,4.0,6.0,,9,2.0,3.0,,3,3.0,4.0,,8,0.0,1.0,,2,3.0,18.0,,24,2.0,11.0,,15,27.0,89.0,,131,10.0,37.0,,54,31.0,70.0,,92,16.0,36.0,,53,0.0,0.0,,0,4.0,6.0,,12
190,Newcastle_Everton_2019,10,2019-12-28,2019,24,1,2,Lost,0,1,Lost,L Mason,20,22,5,9,13,13,5,8,2,2,0,0,26.0,71.0,,104,12.0,25.0,,36,27.0,57.0,,86,8.0,20.0,,36,5.0,9.0,,10,1.0,3.0,,4,4.0,11.0,,16,0.0,1.0,,1,3.0,5.0,,7,1.0,2.0,,3,59.0,100.0,,137,17.0,28.0,,36,34.0,64.0,,90,27.0,43.0,,54,0.0,0.0,,0,5.0,10.0,,17
191,Burnley_Man United_2019,10,2019-12-28,2019,8,0,2,Lost,0,1,Lost,M Dean,8,14,1,5,17,10,5,4,4,3,0,0,26.0,62.0,,92,10.0,30.0,,42,37.0,66.0,,93,12.0,35.0,,50,2.0,8.0,,13,0.0,2.0,,4,3.0,10.0,,10,0.0,0.0,,0,6.0,10.0,,13,2.0,4.0,,6,33.0,67.0,,104,10.0,23.0,,35,28.0,58.0,,96,15.0,34.0,,48,0.0,1.0,,1,3.0,7.0,,8
192,Brighton_Bournemouth_2019,10,2019-12-28,2019,7,2,0,Winn,1,0,Winn,P Tierney,16,10,6,2,8,11,9,2,0,2,0,0,29.0,75.0,,117,6.0,21.0,,33,25.0,59.0,,92,13.0,25.0,,44,2.0,10.0,,12,2.0,5.0,,5,6.0,10.0,,11,0.0,0.0,,1,5.0,7.0,,11,3.0,4.0,,4,39.0,64.0,,91,16.0,25.0,,33,19.0,46.0,,73,14.0,26.0,,43,0.0,0.0,,0,3.0,6.0,,13
193,Norwich_Tottenham_2019,10,2019-12-28,2019,25,2,2,Draw,1,0,Winn,K Friend,5,15,2,7,12,10,4,6,3,3,0,0,42.0,90.0,,118,19.0,32.0,,48,21.0,55.0,,81,19.0,40.0,,51,4.0,6.0,,14,4.0,4.0,,9,4.0,8.0,,13,0.0,0.0,,0,6.0,16.0,,22,1.0,6.0,,9,39.0,94.0,,152,14.0,39.0,,58,36.0,76.0,,103,24.0,44.0,,73,0.0,1.0,,1,9.0,16.0,,21
194,West Ham_Leicester_2019,9,2019-12-28,2019,37,1,2,Lost,1,1,Draw,D Coote,14,13,4,8,16,4,5,5,4,1,0,0,38.0,67.0,,90,14.0,28.0,,39,34.0,60.0,,82,14.0,29.0,,38,5.0,9.0,,11,1.0,3.0,,4,7.0,14.0,,18,0.0,0.0,,0,9.0,12.0,,17,4.0,4.0,,5,37.0,63.0,,85,18.0,29.0,,41,27.0,53.0,,76,13.0,26.0,,29,0.0,0.0,,0,3.0,9.0,,12
195,Watford_Aston Villa_2019,10,2019-12-28,2019,35,3,0,Winn,1,0,Winn,S Hooper,20,11,6,2,16,9,6,3,3,1,1,0,39.0,66.0,,131,10.0,18.0,,31,45.0,74.0,,115,16.0,29.0,,49,2.0,3.0,,6,0.0,0.0,,1,7.0,16.0,,20,0.0,0.0,,0,3.0,5.0,,13,0.0,1.0,,5,31.0,71.0,,102,13.0,31.0,,48,40.0,59.0,,85,12.0,35.0,,45,0.0,0.0,,0,6.0,13.0,,18
196,Arsenal_Chelsea_2019,10,2019-12-29,2019,0,1,2,Lost,1,0,Winn,C Pawson,7,13,2,4,13,19,2,3,5,4,0,0,30.0,67.0,,130,11.0,23.0,,46,32.0,68.0,,107,18.0,52.0,,82,3.0,7.0,,14,1.0,5.0,,7,10.0,13.0,,23,0.0,0.0,,1,7.0,10.0,,15,5.0,6.0,,10,55.0,100.0,,145,22.0,36.0,,59,54.0,84.0,,129,20.0,39.0,,56,0.0,0.0,,0,7.0,11.0,,18
197,Man City_Sheffield United_2019,10,2019-12-29,2019,21,2,0,Winn,0,0,Draw,C Kavanagh,16,8,4,0,5,6,8,5,1,1,0,0,60.0,129.0,,202,21.0,36.0,,63,29.0,61.0,,90,30.0,69.0,,95,6.0,11.0,,25,4.0,4.0,,13,6.0,15.0,,19,0.0,1.0,,1,4.0,7.0,,9,4.0,5.0,,6,27.0,48.0,,62,11.0,21.0,,29,28.0,57.0,,76,6.0,14.0,,21,0.0,0.0,,0,5.0,9.0,,12
198,Liverpool_Wolves_2019,10,2019-12-29,2019,20,1,0,Winn,1,0,Winn,A Taylor,10,10,3,2,7,3,5,6,1,0,0,0,42.0,93.0,,154,18.0,44.0,,65,24.0,52.0,,74,15.0,31.0,,58,9.0,16.0,,26,7.0,10.0,,17,3.0,7.0,,8,1.0,1.0,,1,3.0,6.0,,9,2.0,3.0,,4,32.0,63.0,,92,11.0,19.0,,28,33.0,66.0,,84,14.0,36.0,,43,0.0,0.0,,0,3.0,12.0,,15
199,Watford_Wolves_2019,11,2020-01-01,2019,35,2,1,Winn,1,0,Winn,A Madley,9,16,3,4,12,6,4,7,3,1,1,0,44.0,78.0,151.0,151,12.0,22.0,37.0,37,47.0,83.0,131.0,131,15.0,28.0,55.0,55,5.0,6.0,9.0,9,1.0,1.0,2.0,2,10.0,19.0,23.0,23,1.0,1.0,1.0,1,0.0,5.0,13.0,13,0.0,1.0,5.0,5,31.0,73.0,113.0,113,10.0,30.0,50.0,50,36.0,62.0,94.0,94,10.0,31.0,48.0,48,0.0,0.0,0.0,0,4.0,12.0,19.0,19
200,Arsenal_Man United_2019,11,2020-01-01,2019,0,2,0,Winn,2,0,Winn,C Kavanagh,10,10,4,4,11,15,1,4,2,0,0,0,25.0,62.0,137.0,137,8.0,23.0,48.0,48,32.0,69.0,120.0,120,14.0,40.0,84.0,84,2.0,7.0,15.0,15,1.0,5.0,8.0,8,9.0,17.0,28.0,28,0.0,0.0,1.0,1,7.0,12.0,17.0,17,4.0,6.0,10.0,10,47.0,103.0,158.0,158,20.0,38.0,63.0,63,54.0,97.0,148.0,148,15.0,37.0,59.0,59,0.0,0.0,0.0,0,9.0,13.0,22.0,22
201,Southampton_Tottenham_2019,11,2020-01-01,2019,30,1,0,Winn,1,0,Winn,M Dean,12,11,3,5,21,8,6,9,3,4,0,0,39.0,60.0,119.0,119,12.0,24.0,38.0,38,34.0,55.0,98.0,98,23.0,36.0,50.0,50,3.0,6.0,10.0,10,2.0,2.0,3.0,3,3.0,5.0,9.0,9,0.0,1.0,2.0,2,3.0,15.0,25.0,25,1.0,8.0,15.0,15,26.0,81.0,136.0,136,9.0,32.0,56.0,56,28.0,62.0,99.0,99,13.0,36.0,57.0,57,0.0,0.0,0.0,0,6.0,7.0,14.0,14
202,Newcastle_Leicester_2019,11,2020-01-01,2019,24,0,3,Lost,0,2,Lost,M Atkinson,5,17,2,10,8,12,4,5,1,1,0,0,40.0,79.0,124.0,124,14.0,28.0,41.0,41,36.0,58.0,99.0,99,12.0,21.0,41.0,41,4.0,9.0,11.0,11,0.0,3.0,4.0,4,5.0,10.0,18.0,18,0.0,1.0,1.0,1,3.0,7.0,9.0,9,1.0,3.0,4.0,4,57.0,110.0,159.0,159,17.0,34.0,45.0,45,41.0,67.0,103.0,103,25.0,45.0,62.0,62,0.0,0.0,0.0,0,5.0,9.0,19.0,19
203,West Ham_Bournemouth_2019,10,2020-01-01,2019,37,4,0,Winn,3,0,Winn,G Scott,14,3,7,2,3,12,9,2,1,2,0,0,36.0,73.0,,104,12.0,26.0,,43,40.0,68.0,,98,12.0,31.0,,43,4.0,8.0,,12,2.0,3.0,,5,9.0,16.0,,22,0.0,0.0,,0,8.0,14.0,,19,3.0,5.0,,6,38.0,67.0,,98,17.0,34.0,,49,24.0,48.0,,80,15.0,24.0,,34,0.0,0.0,,0,3.0,8.0,,13
204,Man City_Everton_2019,11,2020-01-01,2019,21,2,1,Winn,0,0,Draw,A Marriner,16,7,7,2,11,11,3,6,0,4,0,0,61.0,127.0,218.0,218,21.0,38.0,67.0,67,29.0,55.0,95.0,95,30.0,68.0,103.0,103,6.0,13.0,27.0,27,2.0,4.0,13.0,13,6.0,11.0,20.0,20,0.0,1.0,1.0,1,3.0,5.0,9.0,9,3.0,5.0,6.0,6,24.0,49.0,70.0,70,9.0,19.0,29.0,29,25.0,49.0,82.0,82,9.0,18.0,26.0,26,0.0,0.0,0.0,0,5.0,8.0,13.0,13
205,Norwich_Crystal Palace_2019,11,2020-01-01,2019,25,1,1,Draw,1,0,Winn,J Moss,15,12,4,3,12,9,2,5,5,0,0,0,32.0,74.0,123.0,123,13.0,29.0,50.0,50,25.0,53.0,93.0,93,16.0,34.0,55.0,55,4.0,7.0,16.0,16,3.0,5.0,10.0,10,5.0,10.0,16.0,16,0.0,0.0,0.0,0,6.0,13.0,24.0,24,0.0,4.0,9.0,9,38.0,87.0,167.0,167,14.0,34.0,65.0,65,36.0,69.0,113.0,113,18.0,44.0,79.0,79,0.0,1.0,1.0,1,11.0,16.0,24.0,24
206,Brighton_Chelsea_2019,11,2020-01-01,2019,7,1,1,Draw,0,1,Lost,S Attwell,16,16,5,5,8,15,5,3,2,3,0,0,38.0,74.0,133.0,133,12.0,21.0,39.0,39,24.0,56.0,100.0,100,16.0,30.0,53.0,53,4.0,9.0,14.0,14,3.0,4.0,6.0,6,4.0,8.0,11.0,11,0.0,0.0,1.0,1,3.0,7.0,11.0,11,3.0,4.0,4.0,4,30.0,66.0,101.0,101,9.0,24.0,35.0,35,29.0,50.0,84.0,84,9.0,24.0,45.0,45,0.0,0.0,0.0,0,5.0,7.0,15.0,15
207,Burnley_Aston Villa_2019,11,2020-01-01,2019,8,1,2,Lost,0,2,Lost,M Oliver,20,11,1,6,12,10,8,4,1,1,0,0,19.0,61.0,100.0,100,7.0,28.0,43.0,43,41.0,78.0,110.0,110,12.0,33.0,55.0,55,2.0,7.0,13.0,13,0.0,2.0,4.0,4,5.0,12.0,14.0,14,0.0,0.0,0.0,0,6.0,12.0,15.0,15,2.0,5.0,7.0,7,40.0,70.0,118.0,118,13.0,26.0,40.0,40,28.0,56.0,106.0,106,13.0,29.0,52.0,52,0.0,0.0,1.0,1,6.0,9.0,11.0,11
208,Liverpool_Sheffield United_2019,11,2020-01-02,2019,20,2,0,Winn,1,0,Winn,P Tierney,19,3,7,2,5,8,8,4,0,0,0,0,37.0,85.0,164.0,164,14.0,39.0,68.0,68,28.0,50.0,81.0,81,16.0,32.0,63.0,63,8.0,15.0,27.0,27,6.0,10.0,18.0,18,4.0,7.0,9.0,9,0.0,1.0,1.0,1,2.0,5.0,9.0,9,2.0,3.0,4.0,4,30.0,71.0,102.0,102,8.0,20.0,30.0,30,26.0,52.0,87.0,87,15.0,36.0,49.0,49,0.0,0.0,0.0,0,3.0,8.0,15.0,15
209,Sheffield United_West Ham_2019,11,2020-01-10,2019,29,1,0,Winn,0,0,Draw,M Oliver,13,7,3,2,11,6,7,3,1,0,0,0,36.0,69.0,121.0,121,13.0,29.0,41.0,41,31.0,62.0,107.0,107,20.0,40.0,73.0,73,3.0,10.0,12.0,12,1.0,6.0,6.0,6,5.0,11.0,17.0,17,0.0,0.0,1.0,1,3.0,6.0,10.0,10,2.0,2.0,3.0,3,19.0,45.0,88.0,88,6.0,14.0,31.0,31,23.0,57.0,85.0,85,4.0,25.0,44.0,44,0.0,0.0,0.0,0,5.0,13.0,16.0,16
210,Chelsea_Burnley_2019,11,2020-01-11,2019,11,3,0,Winn,2,0,Winn,K Friend,18,7,8,2,7,4,10,3,0,3,0,0,53.0,111.0,175.0,175,17.0,36.0,58.0,58,37.0,55.0,83.0,83,26.0,53.0,71.0,71,2.0,5.0,11.0,11,1.0,1.0,4.0,4,6.0,11.0,17.0,17,0.0,0.0,0.0,0,4.0,5.0,10.0,10,2.0,2.0,4.0,4,25.0,38.0,72.0,72,8.0,13.0,22.0,22,33.0,78.0,129.0,129,10.0,13.0,28.0,28,0.0,0.0,0.0,0,5.0,11.0,18.0,18
211,Tottenham_Liverpool_2019,11,2020-01-11,2019,34,0,1,Lost,0,1,Lost,M Atkinson,14,13,4,7,4,8,4,3,0,2,0,0,29.0,73.0,143.0,143,13.0,25.0,43.0,43,31.0,52.0,99.0,99,13.0,32.0,62.0,62,7.0,12.0,21.0,21,3.0,4.0,10.0,10,9.0,15.0,22.0,22,1.0,1.0,2.0,2,3.0,7.0,10.0,10,3.0,4.0,7.0,7,31.0,72.0,112.0,112,9.0,21.0,40.0,40,28.0,58.0,99.0,99,8.0,22.0,37.0,37,0.0,0.0,0.0,0,6.0,13.0,19.0,19
212,Wolves_Newcastle_2019,11,2020-01-11,2019,39,1,1,Draw,1,1,Draw,P Bankes,9,5,4,1,13,12,5,2,0,3,0,0,51.0,85.0,125.0,125,20.0,29.0,39.0,39,29.0,68.0,107.0,107,19.0,33.0,49.0,49,6.0,10.0,16.0,16,1.0,2.0,3.0,3,5.0,13.0,16.0,16,0.0,0.0,0.0,0,4.0,7.0,14.0,14,2.0,3.0,8.0,8,22.0,58.0,109.0,109,11.0,24.0,41.0,41,32.0,75.0,111.0,111,7.0,15.0,35.0,35,1.0,1.0,1.0,1,7.0,16.0,23.0,23
213,Man United_Norwich_2019,11,2020-01-11,2019,22,4,0,Winn,1,0,Winn,A Taylor,13,8,6,3,18,7,4,2,0,0,0,0,58.0,102.0,161.0,161,25.0,44.0,61.0,61,29.0,61.0,116.0,116,15.0,32.0,54.0,54,7.0,13.0,20.0,20,4.0,8.0,11.0,11,3.0,9.0,19.0,19,0.0,0.0,0.0,0,3.0,7.0,10.0,10,3.0,4.0,5.0,5,23.0,48.0,90.0,90,10.0,19.0,37.0,37,28.0,64.0,122.0,122,8.0,20.0,42.0,42,0.0,0.0,0.0,0,5.0,12.0,24.0,24
214,Leicester_Southampton_2019,11,2020-01-11,2019,19,1,2,Lost,1,1,Draw,L Mason,5,16,5,10,9,17,2,4,0,3,0,0,33.0,87.0,144.0,144,11.0,27.0,45.0,45,29.0,50.0,90.0,90,21.0,39.0,72.0,72,3.0,9.0,19.0,19,1.0,2.0,5.0,5,4.0,5.0,8.0,8,0.0,0.0,0.0,0,5.0,7.0,9.0,9,2.0,4.0,6.0,6,29.0,61.0,91.0,91,10.0,18.0,26.0,26,38.0,67.0,113.0,113,14.0,26.0,36.0,36,0.0,0.0,1.0,1,7.0,12.0,20.0,20
215,Crystal Palace_Arsenal_2019,11,2020-01-11,2019,12,1,1,Draw,0,1,Lost,P Tierney,6,7,3,4,14,22,1,4,2,3,0,1,31.0,66.0,122.0,122,10.0,21.0,35.0,35,18.0,49.0,101.0,101,16.0,31.0,61.0,61,4.0,5.0,9.0,9,0.0,0.0,1.0,1,4.0,7.0,16.0,16,1.0,1.0,1.0,1,2.0,8.0,9.0,9,0.0,2.0,2.0,2,31.0,78.0,122.0,122,15.0,34.0,46.0,46,37.0,70.0,120.0,120,22.0,44.0,60.0,60,0.0,0.0,3.0,3,6.0,10.0,17.0,17
216,Everton_Brighton_2019,11,2020-01-11,2019,14,1,0,Winn,1,0,Winn,D Coote,14,9,6,2,7,7,4,3,2,1,0,0,43.0,87.0,142.0,142,12.0,32.0,51.0,51,39.0,75.0,111.0,111,16.0,39.0,67.0,67,4.0,7.0,12.0,12,1.0,2.0,6.0,6,5.0,11.0,17.0,17,0.0,0.0,0.0,0,1.0,4.0,11.0,11,0.0,0.0,3.0,3,27.0,52.0,90.0,90,6.0,17.0,34.0,34,34.0,68.0,108.0,108,11.0,22.0,41.0,41,0.0,1.0,2.0,2,3.0,12.0,24.0,24
217,Bournemouth_Watford_2019,11,2020-01-12,2019,6,0,3,Lost,0,1,Lost,M Dean,10,18,1,6,3,13,5,5,1,1,0,0,18.0,50.0,99.0,99,4.0,14.0,35.0,35,23.0,55.0,84.0,84,13.0,28.0,48.0,48,1.0,3.0,10.0,10,1.0,2.0,5.0,5,6.0,13.0,19.0,19,0.0,1.0,1.0,1,5.0,7.0,14.0,14,2.0,4.0,8.0,8,40.0,82.0,140.0,140,12.0,24.0,43.0,43,40.0,75.0,129.0,129,11.0,37.0,59.0,59,0.0,0.0,0.0,0,9.0,16.0,25.0,25
218,Aston Villa_Man City_2019,11,2020-01-12,2019,1,1,6,Lost,0,4,Lost,J Moss,7,22,1,12,5,12,2,4,2,1,0,0,45.0,91.0,146.0,146,10.0,28.0,46.0,46,52.0,83.0,126.0,126,20.0,40.0,59.0,59,3.0,8.0,13.0,13,1.0,5.0,7.0,7,10.0,13.0,18.0,18,0.0,0.0,0.0,0,7.0,10.0,14.0,14,4.0,5.0,7.0,7,56.0,112.0,159.0,159,22.0,38.0,47.0,47,42.0,77.0,136.0,136,18.0,39.0,57.0,57,0.0,1.0,2.0,2,6.0,11.0,21.0,21
219,Watford_Tottenham_2019,12,2020-01-18,2019,35,0,0,Draw,0,0,Draw,M Oliver,15,17,2,5,13,13,3,3,2,3,0,0,40.0,80.0,149.0,160,12.0,22.0,37.0,40,44.0,81.0,128.0,143,13.0,27.0,54.0,59,7.0,8.0,11.0,11,2.0,2.0,3.0,3,9.0,17.0,26.0,26,2.0,2.0,2.0,2,1.0,6.0,11.0,14,0.0,1.0,4.0,5,44.0,74.0,124.0,129,14.0,29.0,51.0,54,26.0,60.0,89.0,100,15.0,28.0,53.0,55,0.0,0.0,0.0,0,3.0,10.0,19.0,20
220,Southampton_Wolves_2019,12,2020-01-18,2019,30,2,3,Lost,2,0,Winn,D England,11,8,5,4,13,12,1,3,2,1,0,0,37.0,66.0,117.0,131,10.0,24.0,38.0,41,43.0,73.0,109.0,119,23.0,40.0,51.0,56,2.0,7.0,10.0,11,1.0,3.0,4.0,4,5.0,8.0,10.0,12,0.0,0.0,2.0,2,2.0,6.0,23.0,25,1.0,3.0,14.0,15,27.0,67.0,132.0,147,11.0,22.0,55.0,61,29.0,58.0,101.0,107,21.0,38.0,57.0,66,0.0,0.0,0.0,0,9.0,11.0,17.0,18
221,Arsenal_Sheffield United_2019,12,2020-01-18,2019,0,1,1,Draw,1,0,Winn,M Dean,11,12,4,4,9,13,4,5,1,2,0,0,23.0,57.0,131.0,147,7.0,21.0,43.0,52,33.0,62.0,118.0,131,6.0,29.0,75.0,85,3.0,7.0,15.0,17,3.0,5.0,9.0,10,8.0,17.0,28.0,30,0.0,0.0,1.0,1,5.0,10.0,16.0,17,3.0,5.0,9.0,10,37.0,103.0,150.0,168,15.0,38.0,62.0,67,58.0,103.0,152.0,163,10.0,36.0,56.0,63,0.0,0.0,0.0,0,8.0,13.0,21.0,22
222,Norwich_Bournemouth_2019,12,2020-01-18,2019,25,1,0,Winn,1,0,Winn,P Tierney,16,6,5,3,10,10,4,5,2,2,1,1,33.0,79.0,123.0,138,13.0,30.0,46.0,54,31.0,52.0,96.0,105,9.0,35.0,50.0,57,4.0,7.0,14.0,17,3.0,6.0,10.0,11,10.0,13.0,20.0,21,0.0,0.0,0.0,0,5.0,11.0,24.0,25,0.0,2.0,9.0,9,41.0,78.0,169.0,179,14.0,26.0,65.0,68,33.0,68.0,111.0,122,22.0,39.0,79.0,84,0.0,1.0,1.0,1,7.0,14.0,21.0,24
223,Man City_Crystal Palace_2019,12,2020-01-18,2019,21,2,2,Draw,0,1,Lost,S Scott,25,5,6,3,9,7,14,2,1,2,0,0,55.0,118.0,204.0,234,23.0,36.0,64.0,74,30.0,56.0,92.0,106,17.0,58.0,93.0,106,7.0,12.0,27.0,29,2.0,4.0,11.0,13,3.0,10.0,19.0,20,0.0,0.0,1.0,1,2.0,6.0,8.0,10,1.0,5.0,5.0,6,20.0,45.0,74.0,77,4.0,16.0,29.0,31,26.0,55.0,89.0,93,12.0,17.0,30.0,32,0.0,0.0,0.0,0,7.0,11.0,17.0,17
224,Brighton_Aston Villa_2019,12,2020-01-18,2019,7,1,1,Draw,1,0,Winn,A Madley,10,8,2,3,11,13,3,4,3,3,0,0,41.0,82.0,133.0,149,13.0,22.0,40.0,44,22.0,52.0,97.0,108,18.0,35.0,50.0,58,3.0,7.0,14.0,15,1.0,3.0,6.0,6,3.0,8.0,13.0,13,0.0,0.0,1.0,1,2.0,6.0,11.0,12,2.0,4.0,5.0,5,33.0,72.0,109.0,117,9.0,23.0,37.0,40,37.0,53.0,89.0,99,8.0,22.0,42.0,48,0.0,0.0,0.0,0,8.0,9.0,16.0,18
225,Newcastle_Chelsea_2019,12,2020-01-18,2019,24,1,0,Winn,0,0,Draw,C Kavanagh,7,19,2,4,9,14,1,10,1,1,0,0,33.0,71.0,120.0,129,10.0,28.0,41.0,43,33.0,58.0,95.0,107,13.0,22.0,40.0,45,2.0,8.0,11.0,11,0.0,2.0,4.0,4,5.0,9.0,18.0,19,0.0,0.0,1.0,1,5.0,9.0,11.0,12,3.0,5.0,6.0,6,55.0,114.0,168.0,176,23.0,39.0,53.0,55,36.0,64.0,108.0,115,18.0,44.0,64.0,67,0.0,0.0,0.0,0,3.0,8.0,17.0,20
226,West Ham_Everton_2019,11,2020-01-18,2019,37,1,1,Draw,1,1,Draw,A Marriner,12,11,6,3,11,13,7,6,1,0,0,0,39.0,78.0,118.0,118,15.0,29.0,50.0,50,31.0,60.0,101.0,101,18.0,38.0,52.0,52,6.0,11.0,16.0,16,5.0,6.0,8.0,8,7.0,14.0,23.0,23,0.0,0.0,0.0,0,5.0,12.0,19.0,19,1.0,5.0,6.0,6,26.0,63.0,101.0,101,13.0,32.0,51.0,51,22.0,53.0,92.0,92,10.0,24.0,36.0,36,0.0,0.0,0.0,0,3.0,8.0,15.0,15
227,Burnley_Leicester_2019,12,2020-01-19,2019,8,2,1,Winn,0,1,Lost,A Taylor,8,18,5,8,14,8,4,5,1,0,0,0,35.0,68.0,110.0,120,6.0,24.0,40.0,44,44.0,83.0,116.0,122,17.0,36.0,61.0,63,2.0,6.0,11.0,14,0.0,2.0,4.0,4,5.0,10.0,15.0,15,0.0,0.0,0.0,0,4.0,10.0,17.0,17,3.0,5.0,9.0,9,34.0,65.0,118.0,129,11.0,25.0,43.0,46,32.0,58.0,104.0,116,11.0,27.0,49.0,56,0.0,0.0,1.0,1,6.0,8.0,12.0,12
228,Liverpool_Man United_2019,12,2020-01-19,2019,20,2,0,Winn,1,0,Winn,C Pawson,16,9,5,4,7,10,11,5,1,3,0,0,45.0,83.0,168.0,183,16.0,33.0,68.0,75,20.0,46.0,77.0,86,19.0,32.0,60.0,71,5.0,15.0,25.0,29,3.0,11.0,15.0,19,3.0,4.0,9.0,9,0.0,1.0,1.0,1,0.0,4.0,8.0,9,0.0,2.0,4.0,4,21.0,63.0,93.0,105,6.0,18.0,27.0,32,17.0,49.0,86.0,95,13.0,37.0,51.0,53,0.0,0.0,0.0,0,1.0,5.0,13.0,15
229,Everton_Newcastle_2019,12,2020-01-21,2019,14,2,2,Draw,1,0,Winn,S Hooper,17,8,8,2,13,10,6,4,1,1,0,0,44.0,82.0,144.0,156,11.0,28.0,55.0,57,32.0,67.0,107.0,118,19.0,32.0,67.0,71,2.0,6.0,12.0,13,1.0,2.0,6.0,7,4.0,11.0,17.0,19,0.0,0.0,0.0,0,0.0,4.0,11.0,11,0.0,0.0,3.0,3,21.0,53.0,91.0,99,4.0,15.0,34.0,36,32.0,60.0,104.0,115,9.0,23.0,37.0,44,0.0,1.0,2.0,2,4.0,11.0,22.0,25
230,Crystal Palace_Southampton_2019,12,2020-01-21,2019,12,0,2,Lost,0,1,Lost,A Marriner,6,15,0,6,12,13,0,8,1,2,0,0,30.0,65.0,122.0,128,11.0,22.0,36.0,38,26.0,55.0,99.0,115,11.0,31.0,56.0,62,4.0,6.0,10.0,10,0.0,0.0,1.0,1,3.0,8.0,16.0,18,0.0,1.0,1.0,1,3.0,7.0,10.0,10,1.0,1.0,3.0,3,32.0,64.0,119.0,129,16.0,28.0,47.0,50,44.0,82.0,128.0,142,17.0,40.0,62.0,64,1.0,1.0,3.0,4,6.0,12.0,19.0,20
231,Chelsea_Arsenal_2019,12,2020-01-21,2019,11,2,2,Draw,1,0,Winn,S Attwell,19,2,8,2,11,6,17,5,2,1,0,1,46.0,113.0,179.0,193,16.0,36.0,61.0,66,26.0,53.0,81.0,90,27.0,52.0,77.0,81,3.0,7.0,13.0,14,2.0,3.0,5.0,6,4.0,9.0,16.0,17,0.0,0.0,0.0,0,3.0,5.0,9.0,10,1.0,2.0,4.0,4,23.0,40.0,67.0,79,7.0,15.0,21.0,24,27.0,70.0,119.0,133,8.0,16.0,26.0,31,0.0,0.0,0.0,0,7.0,13.0,21.0,21
232,Bournemouth_Brighton_2019,12,2020-01-21,2019,6,3,1,Winn,2,0,Winn,K Friend,11,21,3,8,9,12,5,8,1,1,0,0,25.0,49.0,96.0,109,5.0,13.0,33.0,36,21.0,50.0,77.0,87,17.0,27.0,50.0,53,1.0,3.0,9.0,10,1.0,2.0,5.0,5,7.0,13.0,18.0,20,0.0,1.0,1.0,1,5.0,10.0,16.0,17,1.0,5.0,9.0,9,37.0,90.0,150.0,158,9.0,29.0,46.0,49,47.0,77.0,123.0,142,13.0,35.0,60.0,64,0.0,0.0,0.0,0,9.0,14.0,25.0,26
233,Aston Villa_Watford_2019,12,2020-01-21,2019,1,2,1,Winn,0,1,Lost,M Atkinson,16,8,5,2,11,18,6,3,2,2,0,0,37.0,74.0,131.0,153,9.0,21.0,40.0,47,36.0,79.0,121.0,131,14.0,35.0,51.0,61,3.0,7.0,13.0,14,0.0,4.0,7.0,7,6.0,14.0,20.0,20,0.0,0.0,0.0,0,9.0,15.0,18.0,20,6.0,8.0,9.0,11,55.0,114.0,169.0,181,26.0,45.0,55.0,59,39.0,72.0,135.0,148,17.0,38.0,56.0,61,0.0,0.0,2.0,2,5.0,10.0,20.0,22
234,Sheffield United_Man City_2019,12,2020-01-21,2019,29,0,1,Lost,0,0,Draw,L Mason,4,18,1,5,13,13,5,13,4,3,0,0,36.0,74.0,119.0,134,10.0,30.0,41.0,44,32.0,63.0,102.0,118,19.0,40.0,72.0,80,4.0,10.0,12.0,13,1.0,5.0,6.0,6,4.0,8.0,15.0,18,0.0,0.0,1.0,1,1.0,6.0,10.0,10,1.0,2.0,3.0,3,20.0,43.0,89.0,95,4.0,13.0,29.0,33,23.0,51.0,80.0,91,6.0,16.0,43.0,47,0.0,0.0,0.0,0,5.0,9.0,15.0,16
235,Tottenham_Norwich_2019,12,2020-01-22,2019,34,2,1,Winn,1,0,Winn,C Kavanagh,14,12,3,2,12,7,7,3,0,1,0,0,30.0,75.0,126.0,157,10.0,27.0,40.0,47,23.0,51.0,90.0,103,16.0,25.0,52.0,66,2.0,11.0,18.0,21,0.0,4.0,10.0,10,8.0,11.0,21.0,22,1.0,1.0,2.0,2,4.0,7.0,10.0,11,4.0,4.0,7.0,8,37.0,78.0,118.0,125,15.0,26.0,43.0,47,28.0,57.0,98.0,107,10.0,23.0,40.0,40,0.0,0.0,0.0,0,7.0,12.0,21.0,21
236,Man United_Burnley_2019,12,2020-01-22,2019,22,0,2,Lost,0,1,Lost,J Moss,24,5,7,2,11,7,5,2,0,2,0,0,59.0,108.0,163.0,174,24.0,48.0,62.0,67,38.0,73.0,119.0,134,15.0,33.0,55.0,58,9.0,16.0,20.0,24,4.0,8.0,11.0,12,3.0,9.0,16.0,19,0.0,0.0,0.0,0,2.0,6.0,10.0,10,2.0,4.0,5.0,5,23.0,46.0,80.0,98,8.0,18.0,33.0,40,26.0,57.0,116.0,129,7.0,21.0,39.0,44,0.0,0.0,0.0,0,4.0,11.0,20.0,24
237,Leicester_West Ham_2019,12,2020-01-22,2019,19,4,1,Winn,2,0,Winn,D Coote,19,6,8,2,10,19,7,8,1,1,0,0,26.0,73.0,134.0,149,10.0,29.0,49.0,50,25.0,55.0,96.0,99,16.0,32.0,62.0,74,2.0,8.0,20.0,20,2.0,2.0,6.0,6,1.0,5.0,8.0,8,0.0,0.0,0.0,0,7.0,8.0,11.0,11,3.0,4.0,7.0,7,41.0,64.0,99.0,107,19.0,24.0,34.0,36,39.0,74.0,117.0,130,16.0,26.0,37.0,40,0.0,0.0,1.0,1,8.0,12.0,21.0,23
238,Wolves_Liverpool_2019,12,2020-01-23,2019,39,1,2,Lost,0,1,Lost,M Oliver,10,13,3,6,6,11,2,4,0,1,0,0,47.0,90.0,128.0,134,17.0,32.0,41.0,43,34.0,71.0,103.0,120,19.0,37.0,50.0,54,5.0,10.0,16.0,17,1.0,3.0,4.0,4,4.0,10.0,14.0,16,0.0,0.0,0.0,0,5.0,7.0,14.0,15,3.0,4.0,8.0,9,21.0,49.0,105.0,114,9.0,20.0,40.0,42,35.0,70.0,115.0,123,5.0,14.0,31.0,37,1.0,1.0,1.0,1,8.0,17.0,24.0,26
239,West Ham_Liverpool_2019,12,2020-01-29,2019,37,0,2,Lost,0,1,Lost,J Moss,7,13,4,5,6,6,3,7,2,0,0,0,40.0,78.0,125.0,130,17.0,31.0,53.0,56,30.0,64.0,106.0,112,21.0,35.0,58.0,59,6.0,11.0,17.0,17,5.0,6.0,9.0,9,6.0,13.0,22.0,24,0.0,0.0,0.0,0,3.0,12.0,15.0,20,2.0,6.0,6.0,7,27.0,64.0,98.0,112,13.0,31.0,45.0,54,29.0,56.0,92.0,105,13.0,26.0,41.0,42,0.0,0.0,0.0,0,3.0,6.0,13.0,15
240,Bournemouth_Aston Villa_2019,13,2020-02-01,2019,6,2,1,Winn,2,0,Winn,A Taylor,16,18,6,5,10,15,1,8,1,3,1,0,33.0,48.0,97.0,120,8.0,10.0,29.0,39,17.0,45.0,79.0,96,18.0,28.0,51.0,58,4.0,5.0,11.0,13,3.0,3.0,6.0,7,6.0,10.0,18.0,21,0.0,1.0,1.0,1,5.0,11.0,14.0,18,1.0,5.0,7.0,9,56.0,96.0,152.0,179,16.0,33.0,49.0,57,38.0,77.0,122.0,154,16.0,33.0,63.0,72,0.0,0.0,0.0,0,6.0,12.0,23.0,27
241,Crystal Palace_Sheffield United_2019,13,2020-02-01,2019,12,0,1,Lost,0,0,Draw,A Madley,13,10,3,3,9,15,9,5,3,2,0,0,25.0,59.0,106.0,134,7.0,19.0,31.0,38,31.0,52.0,96.0,127,8.0,26.0,43.0,62,3.0,6.0,9.0,10,0.0,0.0,1.0,1,3.0,7.0,15.0,19,0.0,1.0,1.0,1,4.0,7.0,12.0,12,2.0,2.0,4.0,4,32.0,65.0,124.0,144,12.0,29.0,51.0,56,45.0,79.0,125.0,155,18.0,42.0,68.0,72,1.0,1.0,2.0,4,7.0,12.0,17.0,22
242,Man United_Wolves_2019,13,2020-02-01,2019,22,0,0,Draw,0,0,Draw,P Tierney,15,14,5,3,14,15,4,6,3,2,0,0,59.0,111.0,165.0,198,23.0,44.0,66.0,74,39.0,74.0,122.0,145,14.0,33.0,52.0,63,8.0,13.0,19.0,24,4.0,6.0,11.0,12,2.0,7.0,14.0,19,0.0,0.0,0.0,0,3.0,7.0,10.0,12,2.0,5.0,5.0,6,20.0,45.0,80.0,103,7.0,18.0,32.0,42,21.0,50.0,105.0,136,4.0,21.0,40.0,46,0.0,0.0,0.0,0,4.0,8.0,18.0,26
243,Watford_Everton_2019,13,2020-02-01,2019,35,2,3,Lost,2,2,Draw,C Pawson,11,12,2,5,17,14,4,4,2,2,0,1,44.0,83.0,141.0,175,11.0,21.0,36.0,42,41.0,86.0,129.0,156,13.0,29.0,49.0,62,5.0,7.0,10.0,11,2.0,2.0,2.0,3,8.0,15.0,27.0,28,2.0,2.0,2.0,2,1.0,4.0,8.0,14,0.0,0.0,3.0,5,44.0,75.0,125.0,146,11.0,24.0,46.0,59,28.0,68.0,91.0,113,13.0,25.0,49.0,58,0.0,0.0,0.0,0,5.0,11.0,21.0,23
244,West Ham_Brighton_2019,13,2020-02-01,2019,37,3,3,Draw,2,0,Winn,M Oliver,12,19,6,6,8,9,4,6,1,1,0,0,33.0,69.0,114.0,137,17.0,29.0,49.0,60,20.0,60.0,96.0,118,19.0,31.0,53.0,62,5.0,9.0,15.0,17,4.0,6.0,8.0,9,4.0,13.0,22.0,26,0.0,0.0,0.0,0,3.0,11.0,17.0,22,2.0,5.0,7.0,8,27.0,65.0,103.0,125,10.0,27.0,47.0,59,31.0,55.0,88.0,111,15.0,30.0,46.0,49,0.0,0.0,0.0,0,2.0,5.0,12.0,15
245,Leicester_Chelsea_2019,13,2020-02-01,2019,19,2,2,Draw,0,0,Draw,L Mason,14,7,4,3,16,14,4,6,2,2,0,0,27.0,73.0,140.0,168,13.0,30.0,52.0,58,24.0,55.0,97.0,109,11.0,34.0,65.0,81,5.0,10.0,21.0,24,3.0,4.0,6.0,8,2.0,5.0,8.0,9,0.0,0.0,0.0,0,7.0,9.0,11.0,12,2.0,4.0,6.0,7,37.0,62.0,97.0,113,18.0,25.0,34.0,38,43.0,83.0,125.0,149,20.0,30.0,40.0,48,0.0,0.0,1.0,1,5.0,12.0,19.0,24
246,Liverpool_Southampton_2019,13,2020-02-01,2019,20,4,0,Winn,0,0,Draw,K Friend,16,17,9,4,9,15,6,11,0,2,0,0,45.0,87.0,159.0,199,15.0,33.0,68.0,80,19.0,43.0,76.0,93,24.0,39.0,65.0,82,5.0,14.0,24.0,31,3.0,10.0,15.0,20,2.0,5.0,9.0,10,0.0,1.0,1.0,1,0.0,3.0,7.0,9,0.0,2.0,4.0,4,22.0,54.0,93.0,114,8.0,19.0,28.0,36,21.0,54.0,91.0,105,15.0,29.0,52.0,58,0.0,0.0,0.0,0,3.0,6.0,15.0,18
247,Newcastle_Norwich_2019,13,2020-02-01,2019,24,0,0,Draw,0,0,Draw,M Atkinson,15,19,5,4,10,15,8,12,2,1,0,0,32.0,58.0,114.0,136,9.0,21.0,38.0,45,30.0,57.0,99.0,116,10.0,18.0,35.0,46,2.0,7.0,11.0,12,0.0,1.0,3.0,4,4.0,8.0,17.0,20,0.0,0.0,1.0,1,5.0,8.0,10.0,12,3.0,4.0,5.0,6,58.0,117.0,174.0,195,23.0,40.0,54.0,59,39.0,73.0,111.0,129,23.0,50.0,69.0,77,0.0,0.0,0.0,0,4.0,9.0,15.0,21
248,Burnley_Arsenal_2019,13,2020-02-02,2019,8,0,0,Draw,0,0,Draw,C Kavanagh,15,13,2,2,8,11,5,7,1,3,0,0,36.0,62.0,111.0,128,7.0,17.0,43.0,49,43.0,80.0,120.0,136,17.0,29.0,59.0,67,3.0,5.0,13.0,16,0.0,0.0,4.0,4,6.0,9.0,16.0,16,0.0,0.0,0.0,0,5.0,11.0,15.0,18,4.0,6.0,8.0,10,43.0,76.0,121.0,147,19.0,29.0,44.0,54,28.0,56.0,96.0,124,13.0,28.0,50.0,61,0.0,0.0,1.0,1,4.0,7.0,12.0,12
249,Tottenham_Man City_2019,13,2020-02-02,2019,34,2,0,Winn,0,0,Draw,M Dean,3,18,3,5,8,14,2,6,2,3,0,1,39.0,72.0,123.0,171,12.0,25.0,41.0,50,26.0,57.0,92.0,115,20.0,28.0,53.0,73,4.0,12.0,20.0,23,1.0,5.0,11.0,11,4.0,9.0,19.0,22,0.0,1.0,2.0,2,3.0,7.0,10.0,12,2.0,4.0,6.0,8,36.0,76.0,122.0,137,14.0,24.0,42.0,49,24.0,55.0,100.0,114,8.0,22.0,37.0,43,0.0,0.0,0.0,0,5.0,11.0,20.0,22
250,Brighton_Watford_2019,13,2020-02-08,2019,7,1,1,Draw,0,1,Lost,K Friend,10,5,2,2,9,12,3,2,2,2,0,0,42.0,71.0,131.0,159,13.0,19.0,39.0,46,27.0,52.0,99.0,119,17.0,30.0,45.0,61,4.0,6.0,15.0,16,2.0,4.0,7.0,7,5.0,11.0,15.0,16,0.0,0.0,0.0,1,2.0,7.0,10.0,13,1.0,4.0,5.0,5,34.0,73.0,105.0,125,10.0,26.0,36.0,43,39.0,58.0,92.0,112,9.0,23.0,41.0,52,0.0,0.0,0.0,0,8.0,11.0,16.0,21
251,Everton_Crystal Palace_2019,13,2020-02-08,2019,14,3,1,Winn,1,0,Winn,D Coote,14,10,8,2,11,12,4,6,0,1,0,0,52.0,92.0,146.0,173,19.0,33.0,57.0,65,35.0,71.0,108.0,131,20.0,33.0,66.0,77,4.0,7.0,11.0,15,2.0,3.0,5.0,8,3.0,11.0,17.0,20,0.0,0.0,0.0,0,2.0,5.0,11.0,13,0.0,0.0,2.0,3,23.0,57.0,91.0,107,4.0,15.0,31.0,38,31.0,62.0,102.0,125,9.0,25.0,34.0,48,0.0,0.0,1.0,2,2.0,10.0,19.0,26
252,Sheffield United_Bournemouth_2019,13,2020-02-09,2019,29,2,1,Winn,1,1,Draw,J Moss,16,10,6,2,10,8,8,4,2,2,0,0,33.0,65.0,115.0,138,8.0,25.0,39.0,45,35.0,68.0,104.0,131,21.0,38.0,70.0,85,2.0,7.0,11.0,13,1.0,2.0,6.0,6,6.0,11.0,18.0,22,0.0,0.0,1.0,1,2.0,7.0,9.0,11,1.0,2.0,2.0,3,30.0,55.0,97.0,113,9.0,18.0,32.0,38,27.0,52.0,87.0,104,17.0,23.0,52.0,60,0.0,0.0,0.0,0,6.0,10.0,18.0,19
253,Wolves_Leicester_2019,13,2020-02-14,2019,39,0,0,Draw,0,0,Draw,M Dean,15,9,3,3,13,10,7,0,2,2,0,1,39.0,83.0,121.0,144,15.0,30.0,42.0,46,26.0,60.0,100.0,126,10.0,33.0,48.0,56,5.0,9.0,16.0,18,1.0,2.0,4.0,4,0.0,6.0,14.0,16,0.0,0.0,0.0,0,5.0,8.0,15.0,17,3.0,5.0,8.0,10,25.0,49.0,105.0,127,10.0,22.0,42.0,48,36.0,73.0,115.0,134,7.0,15.0,32.0,41,1.0,1.0,1.0,1,5.0,15.0,23.0,27
254,Norwich_Liverpool_2019,13,2020-02-15,2019,25,0,1,Lost,0,0,Draw,S Attwell,5,17,1,6,5,11,2,7,1,2,0,0,36.0,78.0,133.0,154,11.0,30.0,46.0,59,34.0,55.0,97.0,115,10.0,29.0,53.0,61,4.0,8.0,13.0,18,3.0,7.0,9.0,12,10.0,14.0,21.0,23,1.0,1.0,1.0,1,3.0,9.0,21.0,25,0.0,1.0,7.0,9,33.0,72.0,152.0,185,13.0,27.0,60.0,71,29.0,65.0,112.0,132,16.0,40.0,76.0,89,1.0,1.0,2.0,2,5.0,14.0,22.0,26
255,Southampton_Burnley_2019,13,2020-02-15,2019,30,1,2,Lost,1,1,Draw,S Hooper,10,9,2,6,8,11,4,3,2,2,0,0,37.0,73.0,118.0,142,13.0,26.0,41.0,46,47.0,74.0,105.0,132,19.0,36.0,50.0,57,4.0,8.0,11.0,13,3.0,5.0,6.0,6,6.0,9.0,11.0,14,0.0,0.0,1.0,2,4.0,7.0,25.0,28,0.0,2.0,13.0,15,24.0,51.0,119.0,155,11.0,21.0,51.0,65,27.0,58.0,106.0,119,16.0,32.0,57.0,69,0.0,0.0,0.0,0,7.0,11.0,16.0,19
256,Arsenal_Newcastle_2019,13,2020-02-16,2019,0,4,0,Winn,0,0,Draw,L Mason,15,10,7,2,15,9,5,6,2,0,0,0,28.0,58.0,116.0,158,10.0,21.0,39.0,56,33.0,65.0,114.0,140,7.0,25.0,68.0,89,4.0,7.0,14.0,18,4.0,5.0,9.0,11,8.0,18.0,26.0,31,0.0,0.0,1.0,1,3.0,10.0,15.0,18,0.0,5.0,7.0,10,35.0,90.0,149.0,180,12.0,34.0,57.0,71,47.0,101.0,146.0,176,12.0,32.0,55.0,68,0.0,0.0,0.0,0,6.0,13.0,18.0,24
257,Aston Villa_Tottenham_2019,13,2020-02-16,2019,1,2,3,Lost,1,2,Lost,M Atkinson,18,23,4,10,12,10,12,7,2,0,0,0,34.0,85.0,140.0,169,8.0,24.0,42.0,52,31.0,78.0,122.0,142,13.0,39.0,57.0,67,4.0,8.0,13.0,16,0.0,3.0,6.0,7,6.0,15.0,20.0,22,0.0,0.0,0.0,0,7.0,14.0,19.0,21,5.0,9.0,10.0,12,46.0,97.0,165.0,189,20.0,41.0,56.0,61,42.0,81.0,135.0,166,15.0,31.0,53.0,64,0.0,0.0,2.0,2,6.0,10.0,19.0,24
258,Chelsea_Man United_2019,13,2020-02-17,2019,11,0,2,Lost,0,1,Lost,A Taylor,17,9,1,3,11,11,9,8,4,3,0,0,47.0,109.0,185.0,212,19.0,39.0,64.0,74,28.0,55.0,86.0,101,35.0,62.0,91.0,98,5.0,7.0,13.0,16,3.0,4.0,4.0,7,5.0,8.0,18.0,19,0.0,0.0,0.0,0,4.0,7.0,9.0,12,1.0,2.0,4.0,4,14.0,39.0,61.0,81,7.0,16.0,21.0,26,19.0,59.0,114.0,139,9.0,21.0,27.0,36,1.0,1.0,1.0,1,6.0,12.0,21.0,22
259,Man City_West Ham_2019,13,2020-02-19,2019,21,2,0,Winn,1,0,Winn,K Friend,20,3,7,0,5,7,6,1,0,1,0,0,57.0,117.0,214.0,259,17.0,38.0,64.0,80,25.0,54.0,91.0,115,25.0,55.0,99.0,120,6.0,12.0,25.0,31,0.0,4.0,9.0,13,2.0,8.0,19.0,21,0.0,0.0,1.0,1,3.0,7.0,10.0,12,1.0,5.0,6.0,7,20.0,47.0,73.0,82,5.0,16.0,30.0,34,24.0,52.0,90.0,100,13.0,19.0,31.0,34,0.0,0.0,0.0,0,7.0,12.0,18.0,19
260,Chelsea_Tottenham_2019,14,2020-02-22,2019,11,2,1,Winn,1,0,Winn,M Oliver,17,5,7,3,14,14,3,5,1,2,0,0,54.0,107.0,189.0,229,17.0,34.0,63.0,75,29.0,66.0,89.0,112,36.0,62.0,94.0,107,5.0,7.0,12.0,16,3.0,4.0,4.0,7,6.0,12.0,19.0,23,0.0,0.0,0.0,0,4.0,8.0,9.0,14,1.0,3.0,3.0,5,18.0,43.0,64.0,90,7.0,15.0,21.0,29,21.0,54.0,112.0,150,16.0,26.0,31.0,44,1.0,1.0,1.0,1,7.0,12.0,21.0,25
261,Southampton_Aston Villa_2019,14,2020-02-22,2019,30,2,0,Winn,1,0,Winn,C Pawson,28,4,9,1,13,17,9,6,1,4,0,0,33.0,72.0,103.0,152,10.0,22.0,37.0,48,42.0,76.0,105.0,140,11.0,34.0,50.0,61,4.0,7.0,11.0,14,4.0,6.0,7.0,7,7.0,10.0,12.0,16,0.0,0.0,1.0,2,5.0,8.0,24.0,30,1.0,2.0,12.0,16,28.0,54.0,122.0,164,15.0,24.0,54.0,71,31.0,59.0,108.0,130,15.0,28.0,55.0,72,0.0,0.0,0.0,0,7.0,13.0,15.0,21
262,Leicester_Man City_2019,14,2020-02-22,2019,19,0,1,Lost,0,0,Draw,P Tierney,10,18,3,7,14,10,3,7,0,0,0,0,38.0,71.0,138.0,182,17.0,28.0,49.0,62,35.0,64.0,97.0,125,13.0,34.0,61.0,85,7.0,10.0,21.0,26,3.0,4.0,6.0,8,3.0,7.0,9.0,11,0.0,0.0,0.0,0,5.0,10.0,12.0,14,1.0,3.0,5.0,7,29.0,58.0,93.0,120,15.0,25.0,33.0,41,50.0,88.0,126.0,163,18.0,32.0,44.0,54,0.0,0.0,1.0,1,6.0,13.0,19.0,26
263,Burnley_Bournemouth_2019,14,2020-02-22,2019,8,3,0,Winn,0,0,Draw,M Dean,16,12,10,4,9,9,7,3,4,3,0,0,43.0,62.0,113.0,143,8.0,15.0,39.0,51,34.0,75.0,117.0,144,17.0,29.0,57.0,72,3.0,5.0,11.0,16,0.0,0.0,2.0,4,3.0,8.0,17.0,17,0.0,0.0,0.0,0,3.0,9.0,15.0,18,3.0,5.0,8.0,10,42.0,82.0,123.0,160,16.0,29.0,44.0,56,29.0,57.0,97.0,135,16.0,29.0,54.0,68,0.0,0.0,1.0,1,4.0,10.0,14.0,15
264,Sheffield United_Brighton_2019,14,2020-02-22,2019,29,1,1,Draw,1,1,Draw,G Scott,14,8,3,2,3,6,12,2,0,2,0,0,33.0,69.0,114.0,154,10.0,23.0,41.0,51,34.0,65.0,104.0,141,20.0,40.0,66.0,93,3.0,6.0,13.0,15,1.0,2.0,7.0,7,7.0,12.0,19.0,24,0.0,0.0,0.0,1,2.0,5.0,9.0,12,1.0,3.0,3.0,4,35.0,54.0,96.0,123,9.0,15.0,27.0,40,27.0,50.0,88.0,112,20.0,24.0,50.0,64,0.0,0.0,0.0,0,5.0,10.0,19.0,21
265,Crystal Palace_Newcastle_2019,14,2020-02-22,2019,12,1,0,Winn,1,0,Winn,P Bankes,18,8,9,2,15,11,7,5,2,6,0,1,25.0,56.0,106.0,147,6.0,16.0,30.0,41,35.0,53.0,98.0,136,10.0,26.0,46.0,71,1.0,5.0,8.0,10,0.0,0.0,1.0,1,6.0,10.0,16.0,22,0.0,1.0,1.0,1,4.0,6.0,12.0,13,2.0,2.0,4.0,4,32.0,63.0,120.0,154,13.0,28.0,50.0,59,50.0,87.0,130.0,170,17.0,39.0,66.0,77,1.0,1.0,1.0,4,7.0,13.0,18.0,24
266,Man United_Watford_2019,14,2020-02-23,2019,22,3,0,Winn,1,0,Winn,M Atkinson,21,7,9,2,6,15,3,5,0,1,0,0,52.0,110.0,170.0,213,18.0,43.0,66.0,79,43.0,72.0,122.0,159,13.0,28.0,53.0,67,4.0,11.0,18.0,24,1.0,5.0,10.0,12,3.0,6.0,16.0,22,0.0,0.0,0.0,0,2.0,5.0,10.0,12,1.0,4.0,5.0,6,27.0,50.0,85.0,117,8.0,18.0,32.0,45,29.0,57.0,106.0,151,10.0,18.0,37.0,52,0.0,0.0,0.0,0,4.0,9.0,18.0,28
267,Arsenal_Everton_2019,14,2020-02-23,2019,0,3,2,Winn,2,2,Draw,S Attwell,9,17,4,5,12,12,6,3,0,4,0,0,36.0,61.0,110.0,173,15.0,23.0,40.0,63,35.0,67.0,116.0,155,10.0,24.0,64.0,94,7.0,9.0,15.0,22,3.0,4.0,9.0,11,5.0,14.0,23.0,33,0.0,0.0,0.0,1,1.0,8.0,13.0,18,0.0,4.0,6.0,10,32.0,79.0,145.0,190,10.0,30.0,50.0,73,37.0,91.0,140.0,185,15.0,30.0,57.0,74,0.0,0.0,0.0,0,2.0,11.0,17.0,24
268,Wolves_Norwich_2019,14,2020-02-23,2019,39,3,0,Winn,2,0,Winn,C Kavanagh,19,6,6,4,11,6,4,1,2,3,0,0,34.0,85.0,125.0,159,10.0,30.0,41.0,49,32.0,61.0,105.0,139,14.0,33.0,48.0,63,2.0,8.0,14.0,18,1.0,2.0,4.0,4,2.0,7.0,15.0,18,0.0,0.0,0.0,0,3.0,7.0,10.0,17,2.0,4.0,5.0,10,27.0,49.0,99.0,136,10.0,21.0,39.0,51,33.0,65.0,114.0,144,6.0,13.0,27.0,41,1.0,2.0,2.0,2,6.0,13.0,23.0,29
269,Liverpool_West Ham_2019,14,2020-02-24,2019,20,3,2,Winn,1,1,Draw,J Moss,25,7,7,4,4,10,16,8,0,3,0,0,51.0,88.0,154.0,215,21.0,35.0,68.0,89,21.0,49.0,80.0,102,25.0,41.0,61.0,88,8.0,16.0,25.0,35,2.0,8.0,13.0,20,1.0,5.0,9.0,10,0.0,0.0,1.0,1,0.0,2.0,6.0,9,0.0,2.0,3.0,4,29.0,59.0,102.0,131,10.0,18.0,31.0,40,33.0,59.0,102.0,120,20.0,35.0,62.0,69,0.0,0.0,0.0,0,5.0,8.0,17.0,20
270,Norwich_Leicester_2019,14,2020-02-28,2019,25,1,0,Winn,0,0,Draw,C Pawson,11,19,6,4,13,16,6,7,1,2,0,0,36.0,68.0,131.0,159,10.0,23.0,44.0,60,27.0,52.0,94.0,120,8.0,24.0,52.0,63,2.0,6.0,10.0,18,2.0,5.0,7.0,12,8.0,13.0,19.0,24,1.0,1.0,1.0,1,2.0,8.0,20.0,26,0.0,0.0,6.0,9,35.0,73.0,144.0,202,12.0,26.0,58.0,77,30.0,66.0,116.0,143,17.0,35.0,67.0,96,1.0,1.0,2.0,2,4.0,15.0,23.0,28
271,West Ham_Southampton_2019,14,2020-02-29,2019,37,3,1,Winn,2,1,Winn,A Taylor,14,10,7,2,8,11,4,9,1,1,0,0,31.0,70.0,118.0,149,16.0,31.0,49.0,66,25.0,56.0,96.0,126,14.0,32.0,54.0,66,4.0,10.0,16.0,20,3.0,8.0,9.0,11,4.0,11.0,21.0,27,0.0,0.0,0.0,0,6.0,11.0,20.0,25,2.0,3.0,7.0,8,43.0,69.0,113.0,144,14.0,27.0,50.0,65,28.0,50.0,88.0,120,19.0,29.0,45.0,55,0.0,0.0,0.0,0,1.0,4.0,11.0,16
272,Bournemouth_Chelsea_2019,14,2020-02-29,2019,6,2,2,Draw,0,1,Lost,A Marriner,9,23,5,6,8,5,4,14,2,2,0,0,37.0,55.0,100.0,136,10.0,14.0,29.0,45,22.0,45.0,84.0,106,11.0,24.0,45.0,59,5.0,6.0,10.0,15,4.0,5.0,7.0,9,3.0,9.0,19.0,22,1.0,1.0,2.0,2,5.0,10.0,14.0,19,1.0,3.0,6.0,9,57.0,97.0,156.0,197,19.0,31.0,49.0,62,40.0,80.0,123.0,169,21.0,32.0,64.0,80,0.0,0.0,0.0,0,5.0,14.0,22.0,30
273,Newcastle_Burnley_2019,14,2020-02-29,2019,24,0,0,Draw,0,0,Draw,A Madley,21,8,4,1,11,9,11,7,4,3,0,0,27.0,67.0,118.0,151,9.0,23.0,39.0,50,27.0,63.0,97.0,126,13.0,25.0,38.0,54,1.0,5.0,11.0,12,0.0,0.0,3.0,4,4.0,9.0,17.0,22,0.0,0.0,1.0,1,3.0,6.0,10.0,12,2.0,3.0,5.0,6,55.0,112.0,177.0,214,18.0,35.0,55.0,63,41.0,82.0,118.0,144,27.0,52.0,78.0,89,0.0,0.0,0.0,0,3.0,8.0,15.0,22
274,Brighton_Crystal Palace_2019,14,2020-02-29,2019,7,0,1,Lost,0,0,Draw,M Atkinson,24,12,8,3,8,9,8,7,1,1,0,0,36.0,74.0,127.0,169,9.0,21.0,36.0,48,28.0,52.0,95.0,128,11.0,27.0,45.0,64,3.0,7.0,15.0,17,1.0,4.0,7.0,7,7.0,11.0,17.0,18,0.0,0.0,0.0,1,3.0,6.0,10.0,14,2.0,5.0,6.0,6,29.0,59.0,103.0,130,10.0,19.0,37.0,45,40.0,69.0,97.0,124,9.0,18.0,37.0,54,0.0,0.0,0.0,0,8.0,13.0,16.0,23
275,Watford_Liverpool_2019,14,2020-02-29,2019,35,3,0,Winn,0,0,Draw,M Oliver,14,7,5,1,4,8,3,5,0,0,0,0,35.0,79.0,121.0,186,7.0,19.0,31.0,44,42.0,89.0,132.0,173,11.0,26.0,46.0,66,4.0,9.0,10.0,13,3.0,4.0,4.0,5,7.0,17.0,26.0,30,1.0,2.0,2.0,2,4.0,4.0,9.0,17,2.0,2.0,3.0,7,45.0,76.0,127.0,158,14.0,24.0,47.0,64,33.0,69.0,101.0,127,14.0,24.0,52.0,62,1.0,1.0,1.0,1,6.0,10.0,20.0,25
276,Tottenham_Wolves_2019,14,2020-03-01,2019,34,2,3,Lost,2,1,Winn,S Attwell,13,14,5,4,12,14,4,5,3,2,0,0,31.0,60.0,113.0,174,10.0,23.0,39.0,53,24.0,55.0,81.0,123,13.0,26.0,51.0,75,4.0,11.0,18.0,25,1.0,4.0,7.0,11,2.0,11.0,17.0,24,0.0,1.0,2.0,2,2.0,5.0,10.0,12,1.0,4.0,6.0,8,43.0,74.0,129.0,155,14.0,23.0,41.0,54,29.0,57.0,103.0,128,12.0,20.0,40.0,49,1.0,1.0,1.0,1,6.0,12.0,21.0,25
277,Everton_Man United_2019,14,2020-03-01,2019,14,1,1,Draw,1,1,Draw,C Kavanagh,16,14,5,5,11,11,13,8,3,4,0,0,45.0,88.0,144.0,187,22.0,34.0,62.0,73,31.0,70.0,110.0,142,14.0,30.0,58.0,81,6.0,10.0,14.0,18,3.0,4.0,6.0,9,3.0,8.0,16.0,20,0.0,0.0,0.0,0,3.0,4.0,10.0,14,0.0,0.0,1.0,3,27.0,54.0,99.0,117,6.0,12.0,32.0,40,29.0,63.0,105.0,137,13.0,24.0,37.0,54,0.0,0.0,1.0,2,3.0,6.0,17.0,27
278,Arsenal_West Ham_2019,15,2020-03-07,2019,0,1,0,Winn,0,0,Draw,M Atkinson,9,14,2,6,11,9,6,7,1,2,0,0,35.0,58.0,107.0,182,15.0,22.0,42.0,67,36.0,69.0,116.0,167,15.0,21.0,56.0,100,8.0,11.0,17.0,25,3.0,6.0,10.0,13,3.0,11.0,22.0,33,0.0,0.0,0.0,1,3.0,8.0,15.0,20,2.0,5.0,8.0,12,39.0,76.0,152.0,207,11.0,26.0,53.0,78,34.0,92.0,146.0,197,14.0,24.0,55.0,77,0.0,0.0,0.0,0,6.0,14.0,19.0,28
279,Burnley_Tottenham_2019,15,2020-03-07,2019,8,1,1,Draw,1,0,Winn,J Moss,21,13,8,2,16,11,3,5,5,4,0,0,39.0,74.0,120.0,159,17.0,23.0,46.0,61,31.0,75.0,121.0,153,16.0,33.0,57.0,79,5.0,7.0,13.0,19,0.0,0.0,2.0,4,6.0,11.0,19.0,21,0.0,0.0,0.0,0,1.0,5.0,15.0,18,1.0,4.0,8.0,10,43.0,77.0,124.0,172,14.0,25.0,46.0,60,28.0,60.0,94.0,144,15.0,26.0,48.0,71,0.0,0.0,0.0,1,6.0,12.0,16.0,18
280,Wolves_Brighton_2019,15,2020-03-07,2019,39,0,0,Draw,0,0,Draw,A Marriner,11,7,1,1,4,7,2,0,1,3,0,0,44.0,91.0,138.0,178,12.0,29.0,45.0,55,30.0,64.0,111.0,150,13.0,32.0,51.0,67,4.0,9.0,15.0,21,2.0,3.0,5.0,6,4.0,8.0,17.0,20,0.0,0.0,0.0,0,2.0,7.0,10.0,17,1.0,4.0,5.0,10,28.0,49.0,91.0,142,13.0,22.0,38.0,55,27.0,62.0,114.0,150,5.0,10.0,22.0,42,1.0,2.0,2.0,2,6.0,14.0,25.0,32
281,Liverpool_Bournemouth_2019,15,2020-03-07,2019,20,2,1,Winn,2,1,Winn,P Tierney,14,6,6,4,10,12,9,4,0,1,0,0,57.0,102.0,161.0,240,21.0,37.0,67.0,96,20.0,40.0,75.0,106,33.0,52.0,73.0,104,9.0,14.0,26.0,38,2.0,5.0,13.0,21,1.0,4.0,8.0,10,0.0,0.0,1.0,1,2.0,2.0,7.0,11,1.0,1.0,4.0,5,33.0,54.0,107.0,138,12.0,18.0,34.0,44,35.0,52.0,95.0,130,24.0,37.0,64.0,77,0.0,0.0,0.0,0,8.0,9.0,16.0,23
282,Sheffield United_Norwich_2019,15,2020-03-07,2019,29,1,0,Winn,1,0,Winn,S Hooper,10,12,4,5,12,8,10,5,0,0,0,0,34.0,70.0,116.0,168,10.0,20.0,42.0,54,26.0,58.0,99.0,144,25.0,44.0,72.0,105,3.0,7.0,14.0,16,2.0,3.0,8.0,8,6.0,10.0,18.0,24,0.0,0.0,0.0,1,3.0,4.0,9.0,13,2.0,3.0,4.0,5,36.0,56.0,88.0,131,9.0,13.0,25.0,42,27.0,50.0,90.0,118,19.0,25.0,47.0,66,0.0,0.0,0.0,0,7.0,12.0,20.0,23
283,Southampton_Newcastle_2019,15,2020-03-07,2019,30,0,1,Lost,0,0,Draw,G Scott,6,14,3,7,14,15,5,8,0,3,1,0,49.0,86.0,121.0,180,16.0,26.0,43.0,57,34.0,77.0,110.0,153,14.0,37.0,56.0,70,5.0,7.0,12.0,16,4.0,5.0,7.0,8,5.0,10.0,13.0,17,0.0,0.0,1.0,2,5.0,7.0,20.0,30,1.0,2.0,9.0,16,21.0,48.0,113.0,168,11.0,22.0,48.0,72,40.0,69.0,110.0,147,12.0,33.0,57.0,78,0.0,0.0,0.0,0,7.0,16.0,18.0,25
284,Crystal Palace_Watford_2019,15,2020-03-07,2019,12,1,0,Winn,1,0,Winn,A Taylor,10,10,3,4,12,19,8,8,4,4,0,0,37.0,67.0,109.0,165,12.0,23.0,36.0,50,36.0,62.0,99.0,151,16.0,27.0,48.0,78,1.0,5.0,7.0,11,1.0,1.0,1.0,2,6.0,9.0,15.0,24,0.0,0.0,1.0,1,3.0,6.0,12.0,13,1.0,2.0,4.0,4,33.0,65.0,118.0,162,11.0,27.0,49.0,61,39.0,83.0,131.0,181,18.0,35.0,66.0,82,1.0,2.0,2.0,5,10.0,16.0,23.0,30
285,Chelsea_Everton_2019,15,2020-03-08,2019,11,4,0,Winn,2,0,Winn,K Friend,17,3,11,1,8,10,6,1,1,2,0,0,53.0,99.0,182.0,246,16.0,32.0,60.0,82,36.0,62.0,98.0,126,29.0,56.0,92.0,110,4.0,7.0,12.0,18,2.0,4.0,5.0,8,7.0,11.0,18.0,24,0.0,0.0,0.0,0,5.0,8.0,10.0,15,1.0,2.0,3.0,5,16.0,39.0,61.0,95,8.0,15.0,23.0,32,31.0,58.0,113.0,164,18.0,26.0,34.0,49,1.0,1.0,1.0,1,6.0,13.0,20.0,27
286,Man United_Man City_2019,15,2020-03-08,2019,22,2,0,Winn,1,0,Winn,M Dean,12,7,6,2,11,9,2,11,2,4,0,0,60.0,119.0,175.0,234,21.0,45.0,71.0,88,31.0,69.0,110.0,165,12.0,27.0,48.0,70,3.0,12.0,20.0,27,1.0,5.0,10.0,13,3.0,6.0,12.0,22,0.0,0.0,0.0,0,2.0,4.0,9.0,12,1.0,3.0,5.0,6,26.0,49.0,82.0,124,7.0,15.0,29.0,47,37.0,63.0,108.0,166,13.0,20.0,35.0,57,0.0,0.0,0.0,0,5.0,9.0,17.0,29
287,Leicester_Aston Villa_2019,15,2020-03-09,2019,19,4,0,Winn,1,0,Winn,M Oliver,15,4,7,1,15,12,9,0,2,1,0,0,43.0,69.0,135.0,192,15.0,25.0,47.0,65,40.0,65.0,99.0,139,14.0,30.0,55.0,88,6.0,8.0,16.0,26,2.0,4.0,5.0,8,3.0,4.0,8.0,11,0.0,0.0,0.0,0,4.0,11.0,13.0,15,0.0,3.0,5.0,7,31.0,72.0,108.0,138,12.0,31.0,40.0,48,43.0,82.0,127.0,173,21.0,37.0,51.0,61,0.0,0.0,0.0,1,3.0,11.0,18.0,26
